Trace,Scenario,TraceNumber,Median,Max,Min,SD,IQR,MaxDroughtLength,Driest10yr,Wettest10yr,demand,mead,powell,InitCombinedStorage,Neuron,Cluster
16,stress_test,16,13.218038,21.656095,7.894915,3.689597144,5.60194725,6,11.8548164,15.0472614,4.705929853,1029.517618,3579.380193,15.51855529,47,3
36,cmip5,3,11.6731912,20.18731871,5.657435891,3.757783016,5.405299011,10,8.937738091,13.39497797,4.360599879,1083.469402,3631.298234,24.41960048,6,4
39,cmip5,6,12.1219642,30.32725241,6.638322886,5.111266371,6.57627951,8,11.44674217,14.26815973,5.220465248,1054.907174,3607.276129,19.70220754,6,4
42,cmip5,9,13.40637149,28.02431409,8.330454779,4.454779418,5.809364062,7,12.75833294,16.85376793,5.496851867,1084.031437,3621.096567,23.37194895,2,2
48,cmip5,15,12.54841251,23.58499825,6.525148212,4.004022218,4.893975756,10,11.2324583,15.3885617,5.54548305,953.3947077,3481.985786,5.538430334,52,7
49,cmip5,16,11.09257872,28.13420301,8.384137503,4.846874299,6.222263055,7,12.83699699,16.07535074,5.444912987,1050.459709,3566.156105,15.94782946,48,5
54,cmip5,21,15.5139507,24.1950526,9.001095395,3.502283998,4.181829793,5,13.55583723,19.00997211,5.882485364,1054.634772,3567.446357,16.34855293,29,2
55,cmip5,22,16.4703194,34.11611263,9.407718436,5.636665517,6.263271497,3,14.51205369,18.26915415,5.340588415,1100.91328,3652.700457,28.46107718,14,1
60,cmip5,27,13.97070023,31.57075112,6.009171719,5.483376525,6.097165893,4,14.09795266,16.96544434,5.485317497,1036.637207,3567.26202,15.06144345,31,3
64,cmip5,31,10.66424709,30.09160262,7.116876768,4.981367135,5.156827274,14,9.514707598,14.379155,4.286773237,1075.82792,3611.651987,21.74593576,5,4
66,cmip5,33,13.34245643,27.25946459,6.823834445,4.811795795,3.682493848,5,13.72202892,15.6734111,4.464895676,1086.422629,3620.829952,23.54677143,30,2
67,cmip5,34,13.89466463,26.00319642,6.613084582,4.519601537,6.402228353,4,11.75544605,18.31070493,5.521497191,1064.518617,3587.119923,18.64411598,20,3
71,cmip5,38,11.43495509,19.34881122,7.265735407,2.862290866,3.559859573,11,11.5345759,12.9699193,5.960728992,1081.475805,3639.559603,25.19223337,9,6
78,cmip5,45,12.24993869,28.80053241,6.437704185,5.360677711,6.285372705,4,11.08347138,15.21941212,4.856306258,1096.336542,3653.425347,28.14534877,3,2
83,cmip5,50,10.72987435,18.03938023,4.494555681,2.973897631,4.32147286,24,8.263854135,12.75199804,4.67442136,1053.061406,3579.075851,17.1262271,24,8
89,cmip5,56,16.01945343,33.31929659,10.80785731,4.97197655,4.676572585,3,14.44165201,18.9343012,5.575135373,1029.969654,3560.211949,14.10516894,27,0
90,cmip5,57,12.89493057,21.54477735,6.374654322,3.897531019,4.833243707,7,11.95733706,14.55824342,5.025437052,1050.296205,3607.882216,19.42203992,34,3
92,cmip5,59,13.9324354,30.54333264,7.676945078,5.040359742,6.150511765,6,11.08402443,16.84533744,5.986437715,1092.293462,3623.590364,24.3413024,6,4
94,cmip5,61,11.66797213,28.29428764,7.023266639,4.658322368,5.537994251,11,10.42346477,14.91960435,4.930775887,1055.368202,3574.800137,16.96075128,6,4
95,cmip5,62,12.85863432,31.53848131,7.889306318,5.793801357,5.87791418,5,11.99295516,18.61549238,4.268610212,1072.591421,3608.941242,21.22461933,45,3
97,cmip5,64,13.86345851,33.55583112,7.234194629,5.551111068,5.315331034,7,11.34151049,16.34126673,5.660575724,1114.543525,3667.053341,31.57737806,1,1
101,npc_adjusted,4,11.38193752,20.68871602,7.523782266,3.895461003,6.68092284,4,11.28081811,14.06951629,4.820345056,1102.114691,3650.157646,28.25360022,4,4
103,npc_adjusted,6,12.64592869,24.76893738,5.380545447,4.66791011,6.42675808,7,11.94258169,14.99635823,5.020453934,1108.810177,3677.364585,32.456805,3,2
104,npc_adjusted,7,12.71347811,23.48385465,4.979809763,4.403818397,6.386289918,6,11.73099789,15.36229443,5.884447181,1078.905983,3596.751021,20.62183145,5,4
107,npc_adjusted,10,14.1578471,24.92528339,5.047796583,4.612222675,5.95762875,5,10.4426422,17.39840852,5.791952409,1005.928578,3553.96448,12.18130044,30,2
111,npc_adjusted,14,11.54030956,20.29647565,6.397958098,2.987821737,4.137944201,11,9.640394691,12.55973629,4.914090208,1083.08785,3634.216223,24.71381619,7,4
112,npc_adjusted,15,15.88829408,24.97340915,5.360160122,4.522603454,5.55099767,2,15.36687226,17.77184964,4.571011117,1020.921256,3523.541582,11.18370035,42,2
113,npc_adjusted,16,13.01048049,25.66241055,5.593160067,5.771628274,9.561895128,6,11.0407079,17.31507865,4.827306053,976.1692359,3528.109977,8.939654468,50,7
114,npc_adjusted,17,11.79075861,24.12153052,7.174007149,4.494099593,6.199962075,7,10.00011556,16.36283171,5.813273174,1016.62853,3524.386141,10.96517023,35,5
117,npc_adjusted,20,15.88196918,24.84096695,9.444284662,3.365788774,2.464856025,3,14.48415349,18.02719793,5.289410676,1109.886665,3696.852776,35.45592003,40,0
123,npc_adjusted,26,11.63430662,18.13491024,5.350059442,3.435258307,4.959191376,9,9.791354848,13.07970679,4.282340113,1078.264874,3618.807601,22.65593447,7,4
128,npc_adjusted,31,9.718684772,20.82091659,5.28976642,4.15389593,5.847024661,13,7.853017083,14.83455197,4.794464234,943.1109115,3499.100705,5.887797846,51,7
129,npc_adjusted,32,13.21148427,22.88113937,7.82764846,4.188082656,4.915088448,6,12.4858933,16.45797367,4.559869612,1053.520137,3591.713761,18.20159811,47,3
130,npc_adjusted,33,12.35916087,20.84577931,5.450806405,4.093392699,6.050162675,11,8.516285809,14.78862262,4.325882915,1042.383108,3564.480151,15.25156696,51,7
132,npc_adjusted,35,9.616052302,25.14818178,5.559216044,4.836132377,3.074286539,10,8.558695111,13.28746281,4.261714692,1077.989117,3585.386753,19.57633768,24,8
134,npc_adjusted,37,13.71057698,25.18256276,5.310487554,5.899044967,6.7958167,6,10.28055745,19.38821011,5.318358884,1033.813071,3565.430035,14.73631381,14,1
137,npc_adjusted,40,14.63872962,24.82652576,4.880701014,6.247126092,10.5986458,8,8.759234528,20.95412311,5.799014396,1047.629407,3583.076223,17.05486198,14,1
138,npc_adjusted,41,15.82379449,26.45691848,7.787367905,5.18551756,4.568755515,3,15.01631613,18.3596139,5.415306553,990.1169938,3512.716791,8.796489132,45,3
140,npc_adjusted,43,13.56725349,24.28911982,5.325238706,4.867571714,8.04785602,7,11.96708403,17.28148952,4.998712304,1080.283513,3620.499287,22.996678,47,3
143,npc_adjusted,46,11.12908605,20.93675697,5.475862349,4.132182726,5.312381663,10,9.946025005,15.30439455,5.976774971,1098.756353,3655.043093,28.56279823,6,4
145,npc_adjusted,48,14.10289797,25.46808765,7.074916893,4.607690184,7.564733539,5,12.14775665,15.43374122,4.992719554,1113.317905,3700,36.27335797,3,2
148,npc_adjusted,51,15.50737476,25.96330329,6.00363269,5.057858175,4.985186965,6,12.50861798,19.69874182,4.609967104,1024.624361,3588.361901,15.9353537,46,3
150,npc_adjusted,53,10.35504506,24.37107017,5.092062845,4.564451855,5.285440284,7,10.50758859,14.96767168,4.522507615,1054.299504,3584.282543,17.63731659,51,7
151,npc_adjusted,54,12.27986527,26.36916031,5.639257617,5.169065573,6.052799134,11,8.1951029,15.89567247,5.728171712,1046.9306,3545.585766,14.26971737,34,3
156,npc_adjusted,59,10.47162959,25.29645436,5.429333558,4.578708476,6.61065489,9,9.780182852,15.22422229,4.878263201,1057.938921,3590.970306,18.4661408,19,3
163,npc_adjusted,66,9.481428712,24.31788237,5.257227432,4.797171642,4.677385555,9,9.406334263,13.13619258,4.26588378,1066.419827,3588.173407,18.87988255,8,6
164,npc_adjusted,67,11.56543109,25.91862785,5.407771682,5.567435572,7.723387793,8,10.05852035,16.89176662,4.252390154,1063.137639,3593.98997,19.12192462,22,5
168,npc_adjusted,71,14.53405778,25.52224989,7.053099124,4.553451063,6.581263212,4,13.26963152,15.91971002,5.372011698,1099.148074,3688.652482,33.22310473,3,2
170,npc_adjusted,73,13.59279466,24.76759532,7.008419177,4.554060666,7.359666628,5,10.96029892,16.78514755,4.690779976,1093.408775,3660.165519,28.74695734,2,2
171,npc_adjusted,74,12.5847203,26.10406632,8.049653952,5.1412723,6.622415927,7,12.03398117,16.2169267,4.745363061,1122.689797,3695.003844,36.39619329,1,1
173,npc_adjusted,76,13.50985075,17.71250043,4.88862655,3.355833493,5.275638213,6,10.09642735,14.73753864,4.278895878,1033.368024,3574.349765,15.37836323,18,3
175,npc_adjusted,78,9.65714125,20.64276518,5.175977774,4.036784485,3.098726542,10,8.923198359,12.31602676,4.240317425,1054.495938,3568.319249,16.40322653,36,5
179,npc_adjusted,82,9.871983673,15.73879979,5.014095,2.653143103,2.593452383,14,8.152923245,11.48444202,4.642445617,1116.188429,3700,36.5470453,8,6
182,npc_adjusted,85,9.967822933,24.62097252,4.996026506,4.976280323,4.941019719,11,9.310822261,13.31866398,5.925857494,1047.197466,3574.10302,16.31290999,26,10
189,npc_adjusted,92,13.35014952,24.41540759,6.47280661,4.570091693,5.980412305,6,9.452135333,15.2150153,5.075061275,1062.032908,3572.753687,17.30527216,35,5
191,npc_adjusted,94,9.689134217,18.22511782,5.20271265,3.283797821,3.039305013,15,8.964540263,11.35027737,4.316896924,1111.030633,3700,36.0575834,8,6
194,npc_adjusted,97,10.53628592,19.36568905,5.244243479,3.413119069,5.09508341,25,7.807450456,14.43989304,4.866998493,1090.124693,3640.111104,25.99073455,6,4
195,npc_adjusted,98,14.70623022,23.68432519,6.252380017,3.770371472,5.630225625,5,11.58523057,16.24721566,5.888038813,1001.803906,3523.771277,10.0519821,34,3
217,paleo_drought,20,10.79965192,19.20315312,5.75544733,3.963016141,5.536312269,8,9.908530306,13.96578301,4.664414377,1043.221446,3600.436473,18.23169427,38,8
233,paleo_drought,36,10.91191973,18.82092354,5.401405329,3.75112417,6.477481521,7,10.64786863,13.33136683,4.445702365,1091.882601,3636.273662,25.6994511,21,3
239,paleo_drought,42,13.05173191,18.6577617,5.602290251,4.310672966,8.290849828,5,11.44835288,14.16382509,5.432872455,1063.382095,3584.361767,18.32874259,21,3
247,paleo_drought,50,9.026282654,18.82119954,5.180891425,3.770212113,4.42995365,9,9.529682483,12.02818903,4.259639539,1074.466289,3617.394286,22.20229363,38,8
258,paleo_drought,61,10.23636627,18.59720392,5.623906277,3.979267188,6.655075503,10,8.566058244,14.10210774,4.667330961,1083.30104,3635.424161,24.86869205,26,10
270,paleo_drought,73,12.07574617,18.75206261,5.71642065,3.771200428,5.291474958,8,10.76697679,14.34180427,5.559865015,1030.763816,3544.209783,13.07321574,52,7
287,paleo_drought,90,13.3632325,18.448825,8.059473216,3.159301597,5.174564165,5,12.59066952,14.57077226,5.90015616,1073.267793,3583.420232,19.03114498,22,5
292,paleo_drought,95,10.68873819,17.13891134,5.6122023,3.118639133,3.540747312,7,10.46728406,12.45672471,4.687377043,1053.230178,3543.040803,14.56035695,38,8
295,paleo_drought,98,12.63612246,18.39976798,6.714819723,3.485219213,4.246416182,8,10.95045764,13.48674491,4.216489324,1078.159243,3607.988013,21.58680729,19,3
297,paleo_drought,100,10.78977469,18.30118458,5.624698277,3.844858329,6.554154413,7,10.19972206,13.37733268,5.336836189,1096.537708,3678.421722,31.49834896,7,4
308,npc_cmip3,11,11.73750817,18.25528791,8.793141384,2.791567787,1.778501532,8,11.11446518,13.47729367,4.628738466,1096.055148,3657.656292,28.65625673,7,4
314,npc_cmip3,17,11.71650421,18.25513191,6.055067561,3.040680792,2.209850229,11,10.45137207,12.17325213,4.944674603,1095.150237,3649.148495,27.51107636,24,8
326,npc_cmip3,29,12.0169312,18.25503591,7.743108051,2.91125941,4.585270523,7,11.0298844,13.24063797,4.531940228,1081.071936,3605.902602,21.63207855,20,3
331,npc_cmip3,34,11.57006281,18.25501191,6.055307561,2.873178513,2.041631682,10,10.60151748,12.21426666,5.748401818,1093.882203,3642.926313,26.64928383,10,9
333,npc_cmip3,36,12.56178586,18.25520391,9.502430198,2.911832596,4.865244135,5,11.30233143,14.37241237,5.005367948,1010.866438,3547.013341,12.00647266,35,5
335,npc_cmip3,38,11.59960663,18.25531191,8.363761688,2.931409562,3.77008941,17,10.56873076,14.73681664,5.371242115,1080.062105,3603.044682,21.28408315,37,8
380,npc_cmip3,83,11.77113135,17.78817861,8.42870909,2.205735961,2.723707442,8,11.52004505,13.3284415,4.273818899,1067.132439,3601.042046,20.0585047,21,3
381,npc_cmip3,84,12.20466929,22.43032205,8.920852412,2.810434664,2.169739323,7,12.57757939,14.16325002,4.884889069,1093.605108,3660.881045,28.85699917,5,4
386,npc_cmip3,89,12.03560273,22.43010605,8.920876412,3.611960411,1.604447162,8,12.58040817,14.23214466,5.709599336,1071.185125,3609.555905,21.17047541,35,5
395,npc_cmip3,98,13.12580228,22.43015405,8.42869709,3.363177773,3.41575033,5,12.49765469,16.02512912,5.845687949,1078.94034,3653.174012,26.62677193,18,3
400,npc_cmip3,103,19.72049339,42.33030177,10.07009999,8.041232693,8.430877662,2,17.38646254,23.64786249,5.189107312,929.2881194,3467.451553,3.950099582,40,0
403,npc_cmip3,106,17.82784779,42.33037377,11.84191635,7.0612516,8.604311205,4,16.6765254,20.98604425,5.28381017,1072.271198,3611.783713,21.47118543,41,0
404,npc_cmip3,107,19.49056665,42.33051777,11.84170035,7.21472559,6.950819812,2,16.44605303,22.82816183,5.100239648,1048.18011,3598.827379,18.43792897,41,0
414,npc_cmip3,117,21.49458706,31.78581997,7.605611983,6.848181389,10.38196983,2,18.69230204,24.58615376,5.454814896,1048.87712,3583.995016,17.21911646,40,0
424,npc_cmip3,127,18.77172931,42.33052977,7.605647983,6.76988375,9.028583258,4,15.3909401,21.26256798,4.616018247,1005.480438,3532.069561,10.74963922,42,2
425,npc_cmip3,128,18.88744347,42.33044577,11.94595953,6.212313928,8.025725515,2,16.3354074,22.50938162,5.098656029,1038.712664,3565.333562,15.06062158,41,0
441,npc_cmip3,144,19.87937326,31.78595197,10.07019599,5.937874069,8.76177534,2,17.29323299,20.6918745,5.801371188,1103.952056,3666.796069,30.55773148,40,0
448,npc_cmip3,151,12.81333764,21.72190549,7.999018061,3.452297736,3.945494187,7,13.14820047,15.39938708,4.563724181,1095.54548,3671.019463,30.37933234,1,1
449,npc_cmip3,152,12.74090504,21.72197749,9.744464903,3.160835208,3.617369028,7,12.9323994,15.18054157,5.072782839,1103.547269,3655.608485,29.0639799,16,2
456,npc_cmip3,159,14.54235374,21.72203749,11.20342588,3.267145673,6.594627828,4,14.87797998,16.40124198,4.640199833,1087.192664,3626.986504,24.26370396,15,1
493,npc_cmip3,196,12.71261329,21.72203749,10.33183511,3.07175572,1.402942448,10,12.43049323,15.35701562,4.894131726,1087.783283,3651.608247,27.17469735,17,2
525,npc_cmip3,228,15.02907779,24.63177773,6.857461224,4.823695781,8.85662461,5,12.69620076,18.41230773,5.208690124,1096.892553,3652.34381,28.05920082,16,2
528,npc_cmip3,231,12.70703464,22.45687539,7.39517347,4.473557075,6.08707553,6,12.07515803,16.59044038,5.149346492,1027.480541,3532.843189,12.14836884,49,5
566,npc_cmip3,269,15.47681634,26.10710749,7.194169631,4.631612783,6.5018225,3,12.69589228,18.24928181,4.395629839,1110.94571,3700,36.04961642,14,1
581,npc_cmip3,284,12.67631308,25.87118656,7.194121631,4.10218999,5.60359241,6,12.100856,15.18725291,4.379089093,1064.431638,3586.531589,18.58855256,48,5
583,npc_cmip3,286,13.35174938,26.84457276,7.380515075,3.641775171,4.492933378,4,12.24412603,14.97007558,4.947782532,1022.783447,3542.717971,12.46149395,48,5
600,npc_cmip3,303,11.03578787,18.71960281,7.712961797,2.575381616,2.959626566,13,10.14111082,11.60268125,5.706539219,1084.83439,3643.964056,25.99343557,11,9
605,npc_cmip3,308,11.22944722,32.36640068,7.713117797,5.984505924,5.060937441,9,10.88784043,14.83413356,5.64217787,1043.146937,3581.508303,16.6112333,9,6
608,npc_cmip3,311,11.11871378,32.36628068,6.292946894,5.160782698,5.918270384,6,11.32966798,13.86718598,4.597615563,1021.877832,3525.542989,11.35879731,50,7
611,npc_cmip3,314,10.13682238,32.36613668,8.023061185,4.395985783,1.905540737,24,10.12313974,12.92678381,4.508060674,1112.384859,3690.510996,34.71517644,4,4
632,npc_cmip3,335,10.17647048,32.36629268,6.293006894,4.764707874,4.653757195,7,9.984483094,14.81430312,4.367444647,1082.997659,3599.506702,21.20768075,20,3
640,npc_cmip3,343,10.87282221,32.36637668,6.292886894,5.770447948,2.028791552,11,9.428225433,15.37628895,4.244439296,1069.695069,3598.231212,20.00796827,22,5
652,npc_cmip3,355,13.09777744,20.49495552,9.589444045,3.935809751,7.500803043,6,12.62951901,15.6631033,5.52467264,1099.81184,3633.643486,26.09918175,19,3
661,npc_cmip3,364,13.09781944,22.33671117,8.163652566,4.08525024,6.907048425,5,13.29748109,15.78311248,5.827436764,1038.189683,3565.022754,15.00212212,33,3
692,npc_cmip3,395,13.13698218,22.33677117,8.163508566,4.084287347,6.626561303,6,12.14191348,14.6923332,5.042689668,1068.658045,3588.435521,19.07766022,4,4
701,npc_cmip3,404,13.68972765,16.46073545,6.158204764,2.818630352,5.097066328,8,11.39402516,14.14694153,5.387944003,1075.716552,3586.446179,19.47799405,34,3
731,npc_cmip3,434,10.74191386,17.86629144,7.438746332,3.290883032,5.41987046,4,11.41955885,13.53428599,4.364735278,997.3622591,3540.339338,10.79796908,51,7
740,npc_cmip3,443,14.33295467,18.96927221,6.536905707,3.28819539,5.708336183,6,12.50774949,15.98122657,4.537451277,1063.929423,3602.167459,19.91157914,31,3
747,npc_cmip3,450,13.8942642,18.96939221,6.943185845,3.7041177,6.006569285,5,11.56887463,15.07919014,5.505509084,1073.913726,3605.244018,20.98390473,22,5
773,npc_cmip3,476,10.24926006,19.01684157,5.776984795,3.663536532,5.530474728,8,8.600352139,12.0828173,4.650315097,1082.565994,3625.112059,23.67145211,9,6
805,npc_cmip3,508,12.60151856,22.53842131,9.370518064,4.249455463,8.442035188,4,12.76241403,16.24359418,4.308594998,1033.975878,3565.876673,14.77999003,30,2
811,npc_cmip3,514,13.72448357,22.67631586,9.813998798,3.910259431,7.217053162,4,13.85212658,15.53252949,4.606799705,1018.430764,3566.275613,13.80737286,30,2
817,npc_cmip3,520,15.85480201,22.67617186,8.732882794,4.685532604,9.273557453,3,13.68221712,16.77880675,4.709840474,1072.371066,3622.82011,22.59303033,29,2
827,npc_cmip3,530,15.87700797,22.53836131,8.496245549,3.857255702,5.848495983,4,14.16899754,17.04604104,5.781535109,1127.387248,3700,37.64453644,16,2
858,npc_cmip3,561,17.60426398,22.88547943,7.768363661,3.905272228,7.1029247,2,14.59873877,18.09178509,5.996719247,1069.39773,3621.875498,22.25698538,17,2
859,npc_cmip3,562,14.50108829,22.88523943,9.177160474,4.464224846,8.959084107,4,12.22849231,15.63910767,4.421545365,1078.471771,3610.877803,21.88787645,16,2
864,npc_cmip3,567,16.92685752,22.83980007,9.931494515,3.622485053,6.261675235,2,14.97040561,17.41464167,5.480792643,1076.483039,3619.75676,22.60725832,28,1
867,npc_cmip3,570,15.65767141,24.53817344,7.768291661,4.52994841,8.267584658,2,13.94111092,17.12150564,5.133691609,1062.585521,3592.489542,18.94944297,30,2
868,npc_cmip3,571,16.1737642,24.53808944,8.975486325,4.248664176,6.479689565,2,14.73343009,19.03158208,5.968768316,1039.614752,3539.800957,13.3876039,28,1
903,npc_cmip3,606,12.70523869,21.93075929,8.686742596,3.961890917,7.06673073,4,11.87892861,15.47561235,5.224920395,1060.049992,3575.421437,17.36015075,49,5
929,npc_cmip3,632,12.66026974,26.9879756,8.144958759,5.166164407,9.672307706,6,12.77105427,15.24414413,4.724468347,1066.717175,3630.909396,23.01669486,30,2
937,npc_cmip3,640,15.70202442,27.33171372,8.145162759,5.725204527,9.228346135,3,14.48572133,18.73499515,4.852928095,1057.255455,3576.095659,17.20216306,42,2
944,npc_cmip3,647,14.68445212,22.95720585,8.125340899,4.76454856,8.67770515,4,11.95680512,18.42680592,5.112412171,1034.748323,3552.293153,13.87312086,1,1
954,npc_cmip3,657,15.06848185,19.48848959,8.41818005,3.83710834,7.311236695,4,13.48253321,15.47874315,4.595365411,1085.54639,3643.709257,26.02334265,15,1
955,npc_cmip3,658,14.02160429,19.00383622,8.83429872,3.343646014,5.532756212,5,12.49890558,15.47708408,5.23005803,1059.807145,3621.372917,21.46133986,33,3
965,npc_cmip3,668,13.91697297,19.58800493,8.41820405,3.682444537,6.423915376,3,12.9673272,14.91261927,5.539080508,1104.81941,3654.3488,29.02045827,33,3
989,npc_cmip3,692,13.47087747,19.58789693,8.41801205,3.8405617,8.118689328,3,12.05327926,15.09704753,5.129322405,987.0549846,3531.122401,9.673477864,50,7
1005,npc_cmip3,708,11.78677692,16.50054467,7.339424168,2.914489762,5.576021275,8,10.85558858,13.17177464,5.376381261,1097.160442,3664.439762,29.63635493,8,6
1039,npc_cmip3,742,10.27393436,22.49897964,8.497163491,3.426692996,4.950085803,16,9.392039994,13.19191608,5.666539536,1018.104272,3557.362828,13.14784184,39,10
1063,npc_cmip3,766,10.30369156,15.92145093,5.613815845,2.526710578,3.989941935,27,8.664292627,9.888724845,5.613418814,1081.364777,3617.741689,22.80410591,13,11
1064,npc_cmip3,767,9.997707171,16.97441881,5.9084953,3.152163967,4.463021892,17,9.097465763,10.91903037,4.486184842,1038.048525,3586.33162,16.6532351,11,9
1065,npc_cmip3,768,8.198977051,15.2605064,5.579337136,2.778127258,4.398321837,26,7.726590339,10.43162812,5.116756292,1067.992498,3595.22348,19.60758432,13,11
1086,npc_cmip3,789,8.762107923,16.97427481,5.579397136,3.782553613,5.825698027,12,8.47735063,11.22804867,5.848788535,1101.369224,3683.855824,32.7112209,11,9
1088,npc_cmip3,791,9.997641171,16.2754065,5.579505136,2.938012041,4.268574189,11,9.283649324,11.59239468,5.186110141,1102.831056,3641.103045,27.22852404,12,10
1104,npc_cmip3,807,9.869767334,15.57829015,6.06128476,2.506823381,3.181751642,24,8.361388218,11.09185449,4.328204598,1074.980987,3619.177105,22.42545781,11,9
1110,npc_cmip3,813,9.796700576,15.57817015,6.06140476,2.528200935,2.757600724,15,8.988511676,10.81474347,5.349377034,1048.62804,3606.156897,19.13992697,12,10
1114,npc_cmip3,817,9.453664638,15.7392991,6.06130876,2.63166755,3.607536317,15,8.431268074,11.17868295,4.506194262,1043.901699,3583.703018,16.84206692,12,10
1122,npc_cmip3,825,9.83774856,15.57812215,6.06120076,2.418134123,3.066543192,19,9.814544709,11.00791352,4.451246146,1067.821633,3582.309621,18.5073083,25,8
1140,npc_cmip3,843,9.583701938,13.62093739,6.21449548,1.931876898,2.632326585,30,9.014858984,11.73138344,4.424561935,1031.710307,3564.28148,14.51251037,26,10
1142,npc_cmip3,845,9.378597133,14.00347018,6.06127276,2.151957089,2.452870354,30,9.128062554,10.3619429,5.13944364,1079.503096,3610.601633,21.94644714,12,10
1143,npc_cmip3,846,10.03056056,12.62490548,6.262107282,1.633808273,2.145515885,30,9.783934528,11.08939901,4.512782247,1068.547428,3589.01596,19.11760464,25,8
1171,npc_cmip3,874,12.54766246,19.26731344,8.460774265,2.80959937,4.368463143,5,12.40466611,13.75392504,4.823430638,1042.71608,3572.248311,15.85448789,34,3
1187,npc_cmip3,890,10.6083818,19.75775714,6.44941954,3.826241638,5.978224337,5,10.89495194,14.45677508,4.633963646,1028.01403,3575.878956,15.144573,49,5
1215,npc_cmip3,918,11.10545543,15.02229796,7.34890632,1.899933872,3.139475183,18,9.612599775,11.76280178,5.403984894,1083.652008,3620.123225,23.23921326,25,8
1230,npc_cmip3,933,10.77107373,14.95036685,7.34897832,1.743689733,2.583729148,15,9.547445937,11.25430563,4.408662698,1088.874057,3639.00708,25.7543375,24,8
1241,npc_cmip3,944,11.27347442,16.07393219,8.158537434,2.158233095,3.245034622,11,10.4169357,11.6050799,5.712981775,1107.492383,3691.085489,34.34557372,9,6
1271,npc_cmip3,974,11.80581858,16.34967743,9.139938109,2.129561626,2.81253767,10,11.37765589,12.9024965,4.288255478,1090.8906,3622.07909,24.06060052,22,5
1277,npc_cmip3,980,10.63317067,16.16181724,7.818764491,2.566139871,3.035395861,13,10.5226245,12.12797937,5.407301701,1050.000988,3587.760122,17.61093727,25,8
1282,npc_cmip3,985,11.69708106,17.04245113,6.623292693,2.79898794,3.745207974,14,10.07885666,13.00375127,4.22514916,1049.248813,3574.537298,16.49338872,23,5
1291,npc_cmip3,994,11.17845726,16.34940143,6.623556693,2.085477001,2.619350655,25,9.783003627,12.37743006,5.213091282,982.8496063,3547.44397,10.47941629,26,10
1307,npc_cmip3,1010,13.99982905,22.03913706,7.604631908,4.875308855,9.815467638,3,11.63155417,17.76653662,4.341059485,1094.478812,3629.132296,25.12800974,29,2
1318,npc_cmip3,1021,13.76558413,20.52102383,4.978561394,4.33638471,8.40944585,3,13.54271015,16.15742553,4.85050227,1071.471236,3599.297152,20.24472321,44,3
1321,npc_cmip3,1024,15.30308474,22.03917306,4.978741394,4.759624625,8.48592799,2,12.9518205,15.3396133,5.382893113,1079.203861,3624.104889,23.28485101,17,2
1365,npc_cmip3,1068,12.00853342,16.86593951,9.050796851,2.08703607,2.54305276,13,11.45988952,13.28091578,5.747880231,981.9560284,3478.835106,6.75527578,39,10
1382,npc_cmip3,1085,11.25765926,17.33907681,9.050844851,2.356205376,3.73741084,10,11.18883261,12.77845022,5.267547718,1054.40372,3586.220462,17.80447127,37,8
1387,npc_cmip3,1090,11.35818577,17.33895681,7.247836471,2.367322769,1.17352378,14,10.11180541,12.47661173,5.282896545,1055.33035,3612.920285,20.27357408,24,8
1390,npc_cmip3,1093,11.45767526,16.09106282,7.247716471,1.770309484,1.761124538,29,10.96693709,11.8705079,4.755977871,1065.905982,3605.375131,20.36030309,10,9
1402,npc_cmip3,1105,13.22767201,17.24541873,5.805936093,3.5686842,5.488333005,5,11.42822756,13.61720022,4.818505122,1097.726091,3679.509085,31.75819152,21,3
1404,npc_cmip3,1107,11.99759181,21.02569425,5.805960093,3.764673117,3.342143879,10,10.34463129,13.61238465,5.688447983,1079.703571,3615.088452,22.40024099,9,6
1410,npc_cmip3,1113,11.43998916,17.64502253,5.805912093,3.823020098,7.02483413,7,11.1791787,14.3314436,5.510156038,1069.101663,3591.894701,19.40612566,37,8
1434,npc_cmip3,1137,10.49709865,21.28782928,5.806020093,3.891666613,4.001010189,7,9.265781614,13.25098525,4.356902733,1073.646171,3585.778897,19.25504734,7,4
1437,npc_cmip3,1140,10.42180143,21.02568225,5.805876093,4.711435363,9.628629986,7,9.765742421,13.64866281,5.562341097,1030.928151,3535.290694,12.52270268,52,7
1444,npc_cmip3,1147,11.56065386,21.28781728,5.96689784,3.576881643,4.037510305,7,10.73282236,13.27328707,4.500316746,1002.70027,3556.159949,12.14622045,36,5
1451,npc_cmip3,1154,11.49260636,21.06328092,8.224633026,3.70751939,2.672295325,7,11.88557034,13.30361738,4.683135849,1055.235761,3608.461922,19.83853695,20,3
1457,npc_cmip3,1160,12.53385753,22.13361866,8.335564469,3.672020824,6.41197459,7,12.154346,15.32223235,5.766989542,1086.507292,3644.819746,26.2376413,5,4
1461,npc_cmip3,1164,11.87162144,20.45798583,9.717808823,3.214944208,3.393619582,14,11.10593472,13.7047772,5.914974611,1039.471011,3571.636283,15.58324438,9,6
1480,npc_cmip3,1183,12.04317424,21.06322092,8.224789026,4.031757293,6.779875008,9,11.24806362,16.1944822,5.299700144,1098.936588,3669.212662,30.43289909,3,2
1483,npc_cmip3,1186,14.75747702,22.13393066,8.224693026,4.497405055,8.17719921,3,14.27326434,16.68335205,5.084211717,1055.84314,3585.269524,17.83262588,29,2
1489,npc_cmip3,1192,11.87165144,22.13382266,8.224549026,4.799685582,9.47073457,6,13.26418377,15.00974047,5.597552573,1097.827153,3647.89251,27.59336113,19,3
1504,npc_cmip3,1207,11.75983401,21.25772133,6.218716766,4.50554953,9.175958995,4,10.75485688,13.12858593,4.467498162,1076.753151,3625.271536,23.20751388,22,5
1516,npc_cmip3,1219,11.01095164,18.60474834,6.439691054,3.548807713,5.689657428,13,8.788569919,12.22702059,4.758844793,1066.589919,3603.874145,20.27486048,10,9
1517,npc_cmip3,1220,13.10592319,18.02254084,7.478671485,2.961576171,5.005893555,6,12.0481213,14.27822919,5.05496857,1091.586377,3633.240338,25.32995929,20,3
1520,npc_cmip3,1223,11.41761156,17.48461925,6.191061034,3.32867107,5.638703801,13,9.81222331,12.86810537,4.346713275,1079.648013,3604.045647,21.34183734,38,8
1557,npc_cmip3,1260,12.61930458,20.75328278,8.784135675,4.342946357,9.492429105,8,11.27339593,16.7152347,4.960968142,1070.246788,3600.609553,20.26529984,34,3
1559,npc_cmip3,1262,12.94842327,24.00513443,9.337673815,4.119449472,6.290747895,4,13.14564286,15.28059624,5.647302704,1031.003416,3542.01477,12.94807833,32,3
1600,npc_cmip3,1303,10.64632184,18.76890132,9.068052597,2.946995044,1.457692515,8,11.56836855,13.14428113,4.429641439,1063.865613,3573.956376,17.53868323,35,5
1610,npc_cmip3,1313,10.84552439,17.06957689,6.907161517,2.527776278,2.41603199,7,10.40671241,12.84113609,4.899427104,1057.212674,3556.659806,15.76539199,37,8
1619,npc_cmip3,1322,10.80095814,18.76891332,8.887278554,3.334399376,5.932488536,4,11.76052198,13.94232653,5.009074381,1012.930357,3563.794641,13.28915868,50,7
1620,npc_cmip3,1323,10.92334954,17.97657991,6.907245517,2.857949135,1.919899045,9,10.81377215,13.09559854,4.251266832,1082.370778,3637.125144,24.98526776,7,4
1640,npc_cmip3,1343,11.52521233,18.53722157,9.068052597,2.530931705,2.104355833,11,11.0447556,13.77051504,5.670497866,1056.620953,3605.748975,19.68671021,37,8
1665,npc_cmip3,1368,14.67106039,19.37500066,6.492539945,3.676694098,5.724095815,5,12.98960982,15.16529577,4.86396529,1067.440254,3611.332303,21.04414924,3,2
1668,npc_cmip3,1371,14.164215,22.60303272,6.868466139,3.796269419,5.44576356,5,13.10996043,15.75400904,5.330761685,1048.047981,3560.101162,15.33649502,31,3
1690,npc_cmip3,1393,15.03132344,22.60291272,7.038818819,4.050433151,7.41168725,4,13.14795169,16.50432399,5.603607889,1050.694282,3585.059482,17.43744634,17,2
1721,npc_cmip3,1424,10.31651558,21.44004593,5.025785296,3.966089222,1.942945387,11,9.72690681,12.87260879,5.175345492,1062.146517,3595.74759,19.19955287,26,10
1765,npc_cmip3,1468,10.68107909,26.75521107,5.930306918,6.009392782,7.381047883,4,11.7530464,15.7101331,5.894532839,1000.551952,3543.137287,11.15499509,50,7
1774,npc_cmip3,1477,14.14632009,26.75503107,5.746335227,6.020354359,10.87931931,5,11.39307458,17.02488119,5.040081463,993.8398501,3508.814276,8.792775886,17,2
1780,npc_cmip3,1483,10.43782808,26.75506707,5.930198918,5.353849956,5.774989676,15,10.64276774,15.03088887,4.918167888,1096.263868,3676.54831,31.20930409,6,4
1791,npc_cmip3,1494,12.27755337,26.75513907,7.625151571,4.016517165,4.902836518,13,11.21559533,15.03598752,4.456501012,1015.435178,3526.328035,11.00399195,49,5
1842,npc_cmip3,1545,11.94044882,23.31491331,6.536598965,4.23081286,4.513624559,16,8.613236765,13.9557667,4.842376064,1019.246361,3536.913158,11.87376452,23,5
1885,npc_cmip3,1588,12.06306894,21.6433988,5.275221878,5.120519457,9.962511061,7,12.11206717,17.86781092,5.163681942,1045.099642,3553.235814,14.6496546,47,3
1919,npc_cmip3,1622,10.16170624,20.71614305,5.925517792,3.994931413,6.608965153,9,9.583827682,11.61870465,4.517334975,1070.19428,3602.513393,20.43427235,24,8
1935,npc_cmip3,1638,11.06683677,21.16332543,6.689419286,3.580814281,2.446702049,13,10.04600561,13.59400821,4.949833769,1074.96099,3603.800807,20.93525404,22,5
1954,npc_cmip3,1657,10.2546681,23.10298095,6.589422279,4.690981192,7.865509261,8,9.187766592,14.55712453,5.955149982,1060.790446,3599.125778,19.39576076,38,8
1993,npc_cmip3,1696,10.93242451,18.15115177,6.143709524,3.46881958,5.150069938,13,9.551907844,13.47778718,4.834204677,1099.027917,3660.711421,29.31291916,8,6
2012,npc_cmip3,1715,15.25460575,22.1200851,9.363595749,4.224363059,8.688189467,4,13.46536341,17.5749651,5.422161879,1102.408169,3611.58797,24.02267496,3,2
2021,npc_cmip3,1724,14.40279923,22.03675703,9.363679749,4.102080831,8.23927147,3,13.38535965,16.09649247,4.726281535,1094.74841,3644.591356,26.92374247,14,1
2026,npc_cmip3,1729,16.74316332,22.74367987,9.363715749,4.589907579,9.318237385,6,14.34094554,17.60381799,5.398314943,900.5223111,3474.24876,3.22720455,43,2
2047,npc_cmip3,1750,12.34896082,22.03682903,9.363631749,4.644037125,9.434334565,5,12.70741146,16.05913339,5.720379198,1056.085552,3558.973254,15.84321761,33,3
2065,npc_cmip3,1768,15.7634153,25.35934027,9.867039557,4.441805629,7.905037512,3,14.70495148,18.8971832,5.064138402,1032.580819,3538.345704,12.82103884,42,2
2066,npc_cmip3,1769,18.65491969,32.46879452,7.219344074,5.172739515,6.314924535,2,16.55355991,20.24692884,5.411035646,909.00954,3437.459414,2.15026315,42,2
2083,npc_cmip3,1786,15.7633433,32.46893852,7.219032074,5.217226287,6.61225713,5,14.65824318,19.74918496,5.67745146,1050.974474,3593.29751,18.15236244,43,2
2086,npc_cmip3,1789,16.70686684,32.46896252,7.219104074,5.910250607,7.197782853,3,15.39098415,18.54386383,5.772763741,1057.979127,3580.260113,17.58560696,43,2
2094,npc_cmip3,1797,17.48532586,25.35937627,11.26485511,4.088710418,7.468771307,2,16.84247707,18.87733849,5.204897617,1025.964013,3552.930461,13.33882021,41,0
2095,npc_cmip3,1798,17.10767263,23.0956611,7.219140074,4.865027753,7.68571036,3,14.58932278,17.10715393,4.578459194,1039.700601,3570.277663,15.49605149,43,2
2100,npc_cmip3,1803,16.06899966,31.99800757,11.79130533,4.285988462,4.757822488,3,15.59536397,20.87224595,5.895643127,1059.684622,3619.676932,21.27654071,28,1
2121,npc_cmip3,1824,16.06899366,31.99781557,10.4263179,4.398848522,7.163613408,2,15.16330261,18.30425438,5.651677982,1041.77372,3563.172366,15.11419324,42,2
2131,npc_cmip3,1834,15.12237841,22.46872267,7.32166855,4.843737308,8.16053697,5,13.63223427,18.16533322,5.970750046,1083.600634,3608.734273,22.11000683,16,2
2137,npc_cmip3,1840,16.42714581,22.46874667,11.07154465,4.059030285,8.53680754,3,14.85106153,19.05957541,5.816683256,991.8308513,3505.213331,8.499231263,44,3
2148,npc_cmip3,1851,19.07841845,33.59353568,7.865265366,6.162200976,5.285965785,1,17.2515513,21.78713556,5.182150202,1021.539133,3551.165699,12.93757328,40,0
2150,npc_cmip3,1853,17.32931079,26.59594884,5.849478049,3.906729357,3.456315117,1,16.02843916,18.24229805,5.414561751,1064.610454,3594.189233,19.25302522,27,0
2169,npc_cmip3,1872,19.04807843,33.59363168,5.849358049,7.952579014,10.11886694,3,13.20639902,20.75247559,5.975472845,1080.386665,3621.524506,23.11169269,44,3
2182,npc_cmip3,1885,18.22326953,26.59593684,7.865289366,4.704541043,5.374865445,1,16.12229135,19.14651453,4.206909109,1027.604968,3530.702725,12.02799361,40,0
2193,npc_cmip3,1896,17.53724973,21.5674865,5.849694049,3.856522833,5.14780067,1,15.30030655,18.26639861,5.469122646,1070.960189,3568.213877,17.66012624,28,1
2195,npc_cmip3,1898,18.71828506,33.59353568,12.41026547,3.908624396,4.657924577,1,15.80513099,20.0426815,5.385187878,1067.486105,3612.544483,21.16497981,27,0
2198,npc_cmip3,1901,14.21345073,26.99955919,6.227478185,4.397230546,4.38586727,4,12.99573642,15.73536514,5.322001752,1058.435009,3592.946403,18.67340774,31,3
2204,npc_cmip3,1907,13.13473979,26.99949919,5.803753306,6.554300361,8.76156469,5,11.34109058,19.12560182,4.685805451,1064.32091,3615.181753,21.17718981,46,3
2220,npc_cmip3,1923,12.53395631,22.12087376,6.227346185,4.058370613,3.719173205,9,10.8269472,14.14905934,5.694623011,1085.016733,3642.222452,25.80209452,7,4
2243,npc_cmip3,1946,10.99929429,26.99954719,5.803705306,5.380148114,8.634768666,5,9.811190638,15.62875814,4.420623726,1054.083736,3549.478473,15.04414632,52,7
2249,npc_cmip3,1952,10.73943246,22.04936092,8.901344326,3.580024325,1.327855444,11,10.31825654,13.73927796,4.245321457,1060.335834,3579.605781,17.71135059,50,7
2253,npc_cmip3,1956,10.85901798,22.04939692,8.260416431,3.662574898,1.0339192,14,10.24309445,14.66262391,5.058674061,1049.902695,3564.285295,15.77055562,52,7
2254,npc_cmip3,1957,10.70461003,18.69861411,8.260656431,2.531066778,0.810898622,9,10.66671866,12.46632647,5.621852685,1090.219911,3618.697386,23.65295018,10,9
2278,npc_cmip3,1981,10.30235588,22.04921692,8.260452431,3.311062321,1.691872541,11,10.29699664,12.47379676,5.532686806,1022.109866,3554.785254,13.21985682,38,8
2284,npc_cmip3,1987,10.32456515,18.69886611,8.2636984,2.482866178,1.369782918,12,10.27946223,12.06611684,4.720886865,1109.542097,3700,35.91836903,9,6
2316,npc_cmip3,2019,15.75820336,26.20145735,6.239755473,4.554861412,5.034840442,3,12.76714124,16.71430285,5.930519381,1070.459987,3617.701398,21.91172542,47,3
2327,npc_cmip3,2030,14.5495391,21.30699293,6.240019473,3.342705961,4.711707825,5,13.20788616,15.11170857,5.11425862,1061.218086,3624.017144,21.84616261,18,3
2349,npc_cmip3,2052,13.09554545,23.0585488,10.09743278,4.748078934,9.32112601,4,12.96312197,18.8650094,5.871683144,1107.420628,3661.922192,30.23004401,18,3
2366,npc_cmip3,2069,14.29486595,24.09119827,9.835023557,4.74378181,8.723216932,5,14.06270113,17.30625699,5.716913829,1080.268943,3637.44288,24.84671581,29,2
2367,npc_cmip3,2070,18.6039909,24.09104227,9.539225161,5.005432698,10.2166513,4,15.87024362,18.12281921,5.26387921,1077.144802,3616.353033,22.31563617,28,1
2373,npc_cmip3,2076,18.42664411,22.11614984,9.835167557,4.511269556,9.16847312,2,15.041878,18.48258867,5.588957367,1051.415015,3564.601071,15.90313212,28,1
2376,npc_cmip3,2079,16.71400377,23.0583928,9.539177161,4.999747629,10.16017823,2,14.45842037,18.82087419,5.501045689,1089.894725,3647.292341,26.82625407,27,0
2380,npc_cmip3,2083,18.03481716,22.11600584,9.539201161,4.629075163,9.762824625,3,14.12486287,17.3849941,5.190371064,1107.080085,3655.33416,29.35171934,14,1
2397,npc_cmip3,2100,12.664324,24.09098227,9.538985161,4.791864898,8.77917912,8,10.82597976,16.89166472,5.44830073,1094.89941,3664.808489,29.48635222,1,1
2407,npc_cmip3,2110,14.98511415,21.89055911,7.087889972,4.087884954,6.035857272,4,11.40473165,16.01778616,4.215779613,1101.90544,3623.93411,25.22757923,15,1
2413,npc_cmip3,2116,13.67227524,20.19457874,9.557791427,2.942278223,4.6185566,6,12.45508688,15.26122114,5.583359788,979.9304242,3500.188375,7.62713728,50,7
2415,npc_cmip3,2118,13.29244148,21.89076311,7.087925972,3.790348159,5.88380196,6,11.23378017,16.28011543,4.555546104,1093.707792,3657.952516,28.48804902,19,3
2445,npc_cmip3,2148,13.28412671,21.89498719,10.11129959,4.283336028,8.384907027,4,13.57184228,17.67266764,4.497899152,1020.523827,3536.774427,11.94501412,43,2
2484,npc_cmip3,2187,14.65360527,29.54228975,10.75963123,5.353913136,9.061163803,5,14.00145416,16.8402357,5.547070914,1067.188901,3609.526564,20.85137618,1,1
2490,npc_cmip3,2193,12.9706569,24.80349598,7.734353684,3.703669605,3.208086863,11,12.45064016,15.36588201,5.703953896,1034.176848,3566.032668,14.80492342,50,7
2523,npc_cmip3,2226,13.55013894,20.86669799,7.353945854,4.046677834,3.95952837,4,12.19687684,15.14408571,4.210265784,987.7457707,3516.774556,8.88931983,48,5
2530,npc_cmip3,2233,12.67708264,19.96727723,7.565243543,3.667121738,4.819296173,6,11.05970567,15.14874897,5.155918494,1037.835255,3548.916442,13.85538698,51,7
2543,npc_cmip3,2246,12.50748666,19.96733723,8.442572496,2.733473358,2.25434598,10,11.35311703,13.71579994,5.791080992,1045.348772,3572.419803,16.05239331,23,5
2570,npc_cmip3,2273,10.45484194,20.10500896,6.32391171,4.155439683,5.34157025,8,10.45476113,12.58949292,4.655074804,1105.813754,3663.578859,30.29991583,8,6
2574,npc_cmip3,2277,9.28319711,20.10504496,5.926163929,4.856354877,8.867195854,6,9.861869074,12.85801061,4.904757892,1011.943476,3533.868684,11.2402007,39,10
2580,npc_cmip3,2283,11.14721872,20.6102351,6.32393571,3.987206228,4.001308768,7,10.59734167,14.51409205,4.870587625,1097.073987,3622.499363,24.64601301,36,5
2584,npc_cmip3,2287,9.038369381,20.6100911,5.926151929,4.037696965,2.927123514,9,9.434554194,11.34211006,4.322997409,1035.618403,3560.645562,14.51174442,39,10
2586,npc_cmip3,2289,10.55035902,20.6103311,5.926439929,5.436874502,10.98181303,5,11.04515632,15.42348486,5.662301684,959.9943456,3490.565996,6.215622582,52,7
2607,npc_cmip3,2310,14.61365339,22.25480709,8.623767251,4.391465788,8.304200075,4,12.47806603,16.20701018,5.049109197,1082.755668,3618.857225,23.03388449,45,3
2629,npc_cmip3,2332,14.04812142,22.25481909,9.2565225,4.131857662,7.18463003,6,13.0153735,15.55107459,5.739523503,1049.108027,3577.723056,16.73213576,4,4
2665,npc_cmip3,2368,12.83138651,17.96422725,7.972545576,3.251355835,5.20770059,7,10.5541342,14.36215066,4.882182677,1058.254646,3565.169819,16.45059483,23,5
2684,npc_cmip3,2387,13.4969134,16.83895028,6.789793592,2.337873434,3.64380567,6,12.20969368,13.41361179,5.644652551,1047.012404,3564.857351,15.60508973,36,5
2694,npc_cmip3,2397,13.58823102,16.85997384,8.520579456,2.60802082,4.780122367,5,11.53206927,14.18646337,5.462761657,1076.000309,3617.017221,22.28885899,21,3
2697,npc_cmip3,2400,14.83481853,17.96419125,6.789925592,3.155123448,5.160640577,3,11.84947209,13.93548317,4.525955406,1044.89817,3574.669836,16.19379035,33,3
2717,npc_cmip3,2420,13.07939376,21.69140691,5.913547002,5.25819107,9.096633955,3,11.81109687,15.33341778,4.964264987,1082.783936,3647.394032,26.23366811,4,4
2719,npc_cmip3,2422,13.11140511,21.69137091,5.729923638,5.734278249,10.70518579,4,10.43938113,16.25043362,5.365230686,990.7163367,3533.361848,10.00298323,47,3
2762,npc_cmip3,2465,16.12956975,29.27577772,10.37041622,5.369687464,8.34137543,4,14.32547718,20.08287472,4.240317425,1054.495938,3568.319249,16.40322653,41,0
2764,npc_cmip3,2467,15.39690169,28.27353377,10.18426226,4.23210961,6.821345375,3,14.63893616,17.42827621,4.990781813,1089.587396,3664.088711,28.92823166,28,1
2771,npc_cmip3,2474,15.82058896,29.27571772,10.18426226,4.468179252,7.637777605,3,14.01884458,16.80702637,5.842747314,1082.303228,3596.855627,20.91326978,2,2
2776,npc_cmip3,2479,15.7957782,29.27575372,8.77330609,4.994769033,7.964423143,3,13.61216881,18.14634343,5.691243851,1066.263308,3581.763687,18.34102986,15,1
2789,npc_cmip3,2492,16.78660201,21.0739232,8.77321009,4.150367712,7.99800368,2,14.41568635,18.55701398,5.805632394,1042.479691,3559.077309,14.87091233,44,3
2790,npc_cmip3,2493,16.40224496,28.27370177,9.880551254,4.484998567,7.86756948,5,13.33938615,18.30692289,5.981031923,1056.199206,3592.637022,18.47929944,18,3
2797,npc_cmip3,2500,15.82039096,20.50914576,8.77351009,3.862003576,7.48824385,8,12.33203545,16.93616387,5.855370498,993.6108159,3526.636264,9.76051157,44,3
2801,npc_cmip3,2504,17.1281856,30.55968747,8.657720571,6.021322211,9.11047038,2,14.93209508,19.55550454,5.777343198,1023.422669,3561.142159,13.74842965,27,0
2824,npc_cmip3,2527,15.13480149,26.34779347,8.932309694,4.269330716,6.35362164,2,13.53985267,16.70059952,4.590667136,1097.506303,3614.856847,23.90451715,14,1
2826,npc_cmip3,2529,14.37526158,30.55989147,8.420472436,5.925428474,8.92755149,5,12.330253,19.65458664,5.609218969,1069.285498,3598.196153,19.97237789,46,3
2827,npc_cmip3,2530,15.61082882,30.55984347,8.657756571,5.046388198,6.212375503,3,14.81320794,18.18108458,4.219607048,1016.858557,3520.065346,10.73483772,42,2
2845,npc_cmip3,2548,13.58634066,27.13790232,8.420436436,6.15200709,7.335956377,4,13.31089843,19.30624935,5.685870498,939.1502018,3495.382096,5.547651956,46,3
2849,npc_cmip3,2552,13.27927319,20.61593735,8.099163557,4.441148133,7.952820565,8,11.70738883,15.88524094,5.346066663,971.2588507,3527.632739,8.671877071,46,3
2859,npc_cmip3,2562,12.64632336,29.36728944,7.216038231,6.248626574,9.887038688,3,12.0626317,16.964555,5.615623704,1055.814385,3576.808935,17.15051527,48,5
2872,npc_cmip3,2575,15.99313378,29.36721744,7.215870231,5.639359792,10.13135891,4,12.61463041,19.58865885,5.015555876,1083.81168,3612.638548,22.50253519,44,3
2873,npc_cmip3,2576,14.61307808,25.1662356,8.099127557,4.742679921,10.05704772,3,13.13758421,17.51963555,5.242468269,1013.661806,3540.78539,11.77296674,2,2
2875,npc_cmip3,2578,14.84550864,29.36709744,8.380425313,6.047463554,9.730327937,4,13.41624872,19.66892358,5.361007237,963.8549102,3511.326286,7.414964938,44,3
2881,npc_cmip3,2584,14.61296408,29.36726544,7.215882231,6.501768722,9.870856845,4,13.93241172,17.43797181,5.630865539,1048.717139,3577.486494,16.68541549,43,2
2896,npc_cmip3,2599,15.49679461,29.36727744,8.380437313,5.815503058,10.08587989,3,13.99578176,19.49367212,5.655061959,1056.264671,3592.160979,18.44312241,17,2
2916,npc_cmip3,2619,9.060127933,24.09809092,6.121101914,3.845258049,0.975317855,14,8.720244654,10.70235899,5.745498951,1091.153866,3634.956043,25.48600066,12,10
2918,npc_cmip3,2621,10.70749063,13.47083771,8.211426646,1.665939321,3.07741123,30,10.45919914,11.20923209,4.648977738,1079.859869,3656.524794,27.12556045,10,9
2923,npc_cmip3,2626,10.17890673,24.09793492,6.120945914,4.35625492,4.786944705,15,9.18418995,12.93033188,5.909107355,1086.896708,3683.042812,31.32555374,9,6
2926,npc_cmip3,2629,9.267810234,24.09804292,6.120993914,4.360878816,3.504006375,11,10.14671777,11.94565791,4.861990275,1108.351915,3665.864802,30.83649138,9,6
2934,npc_cmip3,2637,9.580346714,24.09804292,6.121185914,3.624158492,2.995553257,13,9.688898653,12.62458549,4.370985311,1052.486106,3568.11148,16.2400642,37,8
2935,npc_cmip3,2638,10.97040874,16.72132732,6.121209914,2.754771079,3.70297226,16,10.49672289,12.8201006,4.416459606,1061.370092,3581.242365,17.92118961,36,5
2937,npc_cmip3,2640,9.351471642,24.09794692,6.120957914,4.056145592,3.262006857,12,9.662089382,11.46373805,4.749261007,1051.694857,3570.89586,16.39150617,25,8
2941,npc_cmip3,2644,9.496027283,13.89380733,6.121101914,1.642634921,1.568771076,30,9.054421593,10.87577657,4.543530657,1044.544878,3592.747229,17.64532015,26,10
2946,npc_cmip3,2649,9.99939228,15.82290165,7.340613434,2.163262264,3.264536243,17,10.15500873,11.32136541,5.725550952,1049.368201,3571.797551,16.29155731,26,10
2960,npc_cmip3,2663,10.23721512,18.08961409,6.572427329,2.258472101,1.563536802,17,8.875669966,11.95924113,4.584909602,1092.975462,3639.790798,26.20104657,10,9
2962,npc_cmip3,2665,10.34688696,19.61674797,6.445616111,3.352165968,3.972405572,16,8.104150859,11.88359901,4.713192162,1043.464672,3584.736593,16.8960084,25,8
2971,npc_cmip3,2674,10.68541758,19.61669997,6.132154273,2.561332718,0.976615787,12,9.162991144,11.29720197,4.588726153,1069.635082,3600.025054,20.16395311,25,8
2973,npc_cmip3,2676,10.50741272,12.78328425,6.445688111,1.809977748,1.962258464,30,8.887680862,10.59330423,4.27068924,1049.516087,3573.582014,16.43887072,26,10
2975,npc_cmip3,2678,9.1186979,18.08960209,6.131974273,2.557033069,3.845603423,25,8.22758706,9.731527871,5.392965928,1064.388513,3588.903818,18.78307249,13,11
2992,npc_cmip3,2695,10.09066045,19.61662797,6.132178273,2.794470211,2.681280265,12,8.84093359,11.03564643,4.659975571,1077.012092,3599.674666,20.72681961,26,10
3001,npc_cmip3,2704,8.989959385,15.49668603,5.534410464,2.434048121,3.557513482,29,7.489738014,9.774030479,5.907077998,1079.277333,3628.659563,23.78035643,13,11
3006,npc_cmip3,2709,10.09264637,12.69122949,5.534434464,1.658449567,2.489966049,30,9.491214874,11.06439759,4.382157216,1080.786507,3666.18248,28.46115589,11,9
3008,npc_cmip3,2711,8.954996269,15.49679403,5.525683413,2.40009398,2.122171236,20,7.63368785,9.786648722,4.809470212,1058.47657,3599.841872,19.28489661,13,11
3018,npc_cmip3,2721,9.815761985,12.69120549,5.064425345,2.467034208,4.65176478,30,7.235761254,10.54794133,5.859162447,1097.969899,3667.887946,30.16822433,12,10
3028,npc_cmip3,2731,9.311082222,15.49671003,5.525407413,2.328683766,1.875427643,27,7.993091912,10.32336316,4.472993221,1086.338811,3635.987318,25.18971433,11,9
3032,npc_cmip3,2735,9.821628047,15.49693803,5.064461345,2.449667446,0.971957382,12,9.545041814,11.38901352,4.302926007,968.7748492,3493.385544,6.754631688,39,10
3037,npc_cmip3,2740,9.876584642,15.49674603,5.064269345,2.625683184,3.017374839,24,8.827868328,10.03267332,4.833451004,1091.497296,3651.049037,27.42562606,12,10
3069,npc_cmip3,2772,10.54179095,20.35860758,6.543863879,2.540069421,1.544853281,15,10.0071162,11.64674153,4.790222899,1099.484014,3682.238176,32.30707756,9,6
3098,npc_cmip3,2801,13.39401314,25.52270663,7.583848869,5.532676208,8.057709303,5,11.95116074,16.42211956,5.535857472,1043.053766,3566.536665,15.44922463,49,5
3106,npc_cmip3,2809,11.13651372,20.71527388,6.980497803,3.486810818,4.4441283,15,10.28124539,13.92350396,4.342370177,1034.437886,3555.414241,14.06574159,48,5
3131,npc_cmip3,2834,12.7978365,25.52257463,6.980293803,3.651633494,3.15340538,12,11.3334795,14.08764833,5.810340344,1084.165559,3640.459319,25.52281514,22,5
3137,npc_cmip3,2840,13.44433186,25.52277863,6.980305803,4.364700787,2.343014633,18,11.40158786,15.79976624,5.086436214,1009.636905,3552.49285,12.29903536,50,7
3141,npc_cmip3,2844,11.71368386,20.71530988,6.980281803,3.659799132,3.319187725,10,10.70308446,14.29795346,5.176416985,1041.103033,3524.778814,12.5860057,37,8
3153,npc_cmip3,2856,9.43025238,20.81808305,5.466569792,4.075367785,5.390824599,8,8.281444009,11.77678914,4.261714692,1077.989117,3585.386753,19.57633768,25,8
3165,npc_cmip3,2868,10.8776808,20.81810705,6.327748565,3.89009604,2.913406739,8,9.038004354,13.92301929,5.554816803,1028.115043,3554.278334,13.57005902,24,8
3173,npc_cmip3,2876,9.844641651,12.947854,6.096350154,2.039796582,2.697904025,30,8.915336901,10.69106758,5.604987042,1099.716404,3652.168571,28.28777958,12,10
3220,npc_cmip3,2923,16.18270652,21.46460006,5.994536238,4.672415557,9.692062815,3,14.29372175,16.30914132,4.519939767,1062.542113,3597.672483,19.39996631,42,2
3224,npc_cmip3,2927,12.29435219,20.44147237,9.095408703,3.636369251,5.508697248,7,12.41140112,14.53029308,4.804700065,1066.890404,3600.914607,20.02798171,4,4
3241,npc_cmip3,2944,11.67816029,16.73468277,8.757236043,2.729480839,5.738835025,5,11.48242996,13.02393057,4.620361857,1083.380539,3620.59825,23.26549317,21,3
3266,npc_cmip3,2969,12.92506322,26.76310587,8.559545696,5.228253024,6.462892445,3,13.49428705,17.21507971,4.80643732,1095.809555,3644.933379,27.05787592,16,2
3269,npc_cmip3,2972,14.14715008,26.76305787,10.66085341,3.581312775,4.343008148,5,13.53587083,17.91581592,5.784538475,1007.384111,3571.123266,13.50299968,48,5
3282,npc_cmip3,2985,12.92491322,18.98914634,8.559665696,2.361014846,1.701600347,6,12.65158626,14.16057904,5.2349119,996.7400938,3537.536787,10.58791808,35,5
3298,npc_cmip3,3001,13.33622878,24.86857302,5.747672205,5.063796666,7.251995005,7,12.00427173,15.82814848,5.254285276,1066.347487,3579.443096,18.16153477,20,3
3303,npc_cmip3,3006,14.73577015,21.618869,6.481996885,4.475045717,6.997471238,3,12.8748155,15.530993,5.902474433,1092.605959,3652.799021,27.73975018,5,4
3350,npc_cmip3,3053,11.48770241,21.41689577,6.069890027,3.550077951,5.33896586,9,12.14571718,14.01125413,5.021736908,1050.063639,3610.51794,19.65604281,33,3
3353,npc_cmip3,3056,13.85035272,21.97760546,6.070190027,4.154170936,6.72078805,4,12.1853217,15.47448057,4.567723974,1042.837735,3572.843471,15.90851809,46,3
3384,npc_cmip3,3087,15.91190156,21.41693177,6.069854027,4.393982496,9.16776695,4,14.13377258,17.9767561,5.870001514,1101.708692,3674.515323,31.40892627,16,2
3403,npc_cmip3,3106,8.622905975,15.13780524,4.665066136,2.518077843,3.282949358,27,7.294005811,10.46926941,4.646625338,998.5953666,3496.713253,8.453231512,13,11
3406,npc_cmip3,3109,7.775974388,15.13778124,4.387524446,3.087165435,3.914221143,13,6.728635816,9.709295236,5.437013035,1112.064001,3681.473792,33.34828522,13,11
3409,npc_cmip3,3112,8.045753243,15.10230552,4.495378704,2.393307255,2.90350237,21,7.60783149,8.977879111,5.037022639,1001.414024,3534.063016,10.63662929,13,11
3415,npc_cmip3,3118,9.399295864,17.20522233,4.665174136,2.882884231,2.839833518,13,9.112867819,10.15061151,5.152635548,1095.429799,3624.457878,24.70793941,12,10
3419,npc_cmip3,3122,7.586658447,12.87144055,4.387500446,2.24662852,2.90359837,30,7.052678442,8.894886385,4.912249292,1028.312965,3550.29275,13.31287206,13,11
3422,npc_cmip3,3125,7.614635971,17.20510233,4.387272446,3.329663123,5.879075733,15,6.800538449,10.13748841,5.168327142,1061.078833,3592.419329,18.82812967,13,11
3433,npc_cmip3,3136,8.233838351,17.20518633,4.495426704,2.953044494,4.761087114,22,7.903517509,10.17639891,4.770513176,1096.827697,3672.845585,30.74302306,12,10
3438,npc_cmip3,3141,9.229591803,17.20497033,4.387476446,3.578323138,4.674446842,6,8.370359897,10.97729046,4.337049574,1102.527456,3671.181659,31.02252657,10,9
3454,npc_cmip3,3157,10.47553478,20.23446167,4.93067842,3.231170931,1.115034778,13,10.11202883,12.86557093,4.489827183,1074.884537,3630.640032,23.63794451,7,4
3460,npc_cmip3,3163,9.833031297,20.23459367,8.615968588,3.360116991,2.364994504,11,9.852470863,12.28744218,4.233175001,1077.776743,3613.742934,22.10871872,23,5
3490,npc_cmip3,3193,9.666259767,20.77093949,7.699148905,3.293676145,3.675765503,12,9.755007863,11.98335035,5.090860699,1022.599389,3530.278652,11.68184043,39,10
3491,npc_cmip3,3194,11.21016681,20.77105949,4.93036642,4.349094317,6.13089454,7,11.11732484,15.40414748,4.626775265,975.2396021,3478.293908,6.395375199,51,7
3506,npc_cmip3,3209,12.62131667,25.60803824,8.23245941,3.538479247,4.093038163,4,13.06445677,14.21625316,5.26082847,1113.200043,3678.986452,33.09886589,4,4
3549,npc_cmip3,3252,15.73323351,22.35989122,6.913847662,3.968779327,7.195930562,2,15.30211723,17.26434451,5.979270406,1035.428838,3555.716195,14.15320221,45,3
3555,npc_cmip3,3258,17.00895178,22.35962722,10.79224304,3.281470603,3.942782128,2,14.83891969,17.215436,5.332895726,1042.194941,3546.588938,14.0019997,28,1
3563,npc_cmip3,3266,17.07499322,23.67301266,9.771193216,4.254932344,7.430424163,4,14.18731189,17.43382623,5.330761685,1048.047981,3560.101162,15.33649502,29,2
3565,npc_cmip3,3268,16.27066273,33.75254999,6.913847662,4.760825785,3.198310717,2,15.07393731,18.16508188,5.964501357,1068.517526,3597.372773,19.83844946,43,2
3569,npc_cmip3,3272,15.98469223,20.73406849,10.19895336,2.852526651,1.905547865,2,15.26813012,17.04368965,5.380334384,1085.262378,3616.023274,22.95865378,15,1
3572,npc_cmip3,3275,18.3831034,22.35978322,6.913931662,3.710015321,4.81215644,1,16.36804879,18.38658465,5.787405926,1099.626997,3669.780809,30.57145623,27,0
3583,npc_cmip3,3286,17.50259718,33.75263399,6.913847662,4.798984013,4.20114837,1,14.76830363,20.89219394,4.461774005,1059.46324,3604.817608,19.81377621,41,0
3609,npc_cmip3,3312,10.12613251,14.30367765,7.712879242,1.723669145,2.227371711,30,10.0367318,10.94383819,4.748627139,974.634975,3501.651028,7.435357442,39,10
3613,npc_cmip3,3316,11.32995887,17.83358789,6.635129431,2.748007495,2.382731097,9,10.96926731,13.33493778,4.840175154,948.2094235,3507.158141,6.503129075,52,7
3637,npc_cmip3,3340,11.81098651,20.33681927,7.916180724,3.07893367,2.978398338,10,10.5768661,14.04320554,5.517385108,1083.754231,3620.24016,23.25988982,23,5
3646,npc_cmip3,3349,9.758351771,19.1065246,6.634985431,3.389988913,3.831908701,7,10.02016687,12.16304482,5.836193602,1121.347337,3700,37.04661338,10,9
3649,npc_cmip3,3352,14.9037787,26.00275748,6.613579037,4.752982724,6.763185693,4,12.53247674,16.16311543,5.879249184,1100.145722,3648.855175,27.91705324,20,3
3663,npc_cmip3,3366,12.27858315,17.40151043,8.870440529,2.442999533,3.919841833,5,12.80286906,14.85287567,5.367027947,986.0673358,3520.98948,9.034609847,49,5
3701,npc_cmip3,3404,10.25108709,18.21870548,6.021707937,3.366563057,3.375764153,8,10.57807797,11.82417225,4.63725362,1057.108191,3612.400347,20.35537817,38,8
3714,npc_cmip3,3417,11.11815385,24.87034964,6.021755937,5.4041313,9.34129475,5,11.07392063,14.44108945,4.412762759,1072.186613,3613.952894,21.67573756,20,3
3728,npc_cmip3,3431,10.51063619,24.87008564,6.021707937,6.012059218,12.53157324,6,9.912292152,16.39581984,5.226647543,1086.177542,3649.286053,26.75114307,5,4
3734,npc_cmip3,3437,11.96972122,20.95998176,6.404204277,4.866546085,8.934979541,7,11.7515888,15.07759992,5.674708274,1085.803673,3647.713809,26.52727714,35,5
3746,npc_cmip3,3449,9.51337394,24.87006164,6.021803937,4.409185675,4.552336941,18,9.228737715,13.96835234,4.776897284,1065.82759,3594.973818,19.41614438,8,6
3784,npc_cmip3,3487,11.35265565,26.87948576,6.360961067,4.997779854,7.033007162,7,11.72699538,15.49982426,5.994718774,1037.234291,3550.219303,13.90136688,51,7
3786,npc_cmip3,3489,11.81616969,26.87946176,6.291085372,5.145581251,6.970583675,8,11.43248915,14.5368636,4.600834177,1080.647816,3627.647792,23.78394529,32,3
3788,npc_cmip3,3491,12.37782447,26.87940176,6.291277372,4.907918469,6.594079634,5,11.73118593,14.41565179,5.291124074,981.1925219,3503.98753,7.879310907,36,5
3792,npc_cmip3,3495,12.47836312,21.97424447,6.291097372,3.74156312,5.12874269,5,11.51070242,14.55854362,5.12246891,1077.266968,3644.431694,25.41949498,35,5
3814,npc_cmip3,3517,14.25926353,22.92312667,9.645162846,4.15519774,7.787070345,3,13.90911437,18.94400812,5.309415494,1078.983261,3605.588824,21.42980469,43,2
3830,npc_cmip3,3533,17.7122635,22.92315067,11.59178789,3.675869681,5.664630195,2,15.57509146,19.0837014,5.126200953,1060.507659,3593.885206,18.91162295,41,0
3845,npc_cmip3,3548,16.58675505,34.29133948,10.58483997,4.270752701,4.003866765,2,16.08305591,19.57720351,5.550880968,1115.126258,3675.063412,32.72862427,40,0
3867,npc_cmip3,3570,15.45236477,19.83388137,9.186880514,3.954225419,8.816808058,5,13.75546337,15.33686634,4.895781257,1022.337567,3552.800695,13.09857786,45,3
3881,npc_cmip3,3584,17.5817892,20.40466926,9.186892514,3.954848262,6.63134447,4,13.63344204,17.83612805,4.814156732,1023.106285,3528.221279,11.59246695,43,2
3888,npc_cmip3,3591,16.04579261,20.40474126,9.187120514,2.649836466,4.567843035,4,15.49109968,17.16505069,5.93876501,1097.465201,3665.248896,29.77058351,14,1
3898,npc_cmip3,3601,20.05269463,27.8758782,6.876206143,6.51950387,9.295076608,3,16.78975432,20.77840605,4.460212353,1081.563951,3648.43818,26.25884817,40,0
3901,npc_cmip3,3604,14.04379109,23.76215182,6.876098143,5.333779134,9.36084294,5,10.6943354,18.07486443,5.600527831,1053.083092,3603.445821,19.21200195,34,3
3902,npc_cmip3,3605,11.91074204,29.15653347,6.876026143,6.160384534,10.68487856,5,12.49542455,16.63739559,5.682253383,992.5022032,3527.197495,9.73288168,32,3
3903,npc_cmip3,3606,11.03273624,29.15637747,6.876038143,6.247302972,11.57229368,5,13.42106374,15.60205948,4.980561753,1074.693261,3654.141347,26.40084579,45,3
3904,npc_cmip3,3607,15.88669481,19.89516264,6.876050143,5.185883977,10.86989622,6,12.03085653,16.12717314,5.484224639,1046.305218,3552.334438,14.67370551,32,3
3917,npc_cmip3,3620,17.37220929,29.15656947,6.876338143,5.760623541,8.37405846,4,14.52589805,18.60818244,4.432396646,1035.387236,3594.007175,17.12417889,27,0
3919,npc_cmip3,3622,19.60329267,23.76218782,6.876230143,5.740616464,11.27789281,2,14.33022987,18.37536349,5.566878324,1051.606946,3575.356919,16.72762855,45,3
3930,npc_cmip3,3633,13.97785895,21.42084426,6.876122143,5.682588755,11.55526056,4,12.30937969,15.63111343,5.274424427,1040.494065,3561.872885,14.93198831,19,3
3936,npc_cmip3,3639,13.84171149,29.15653347,6.876038143,6.448458971,11.85588491,3,10.86339979,17.06556614,4.478599504,1081.267033,3622.625861,23.30004251,19,3
3947,npc_cmip3,3650,11.52109818,23.76207982,6.876278143,5.482056681,11.01858277,7,11.27293291,16.61850703,5.374612402,1087.107252,3625.454494,24.09194601,4,4
3953,npc_cmip3,3656,16.60082669,22.4750373,11.42165251,3.353981102,5.472900857,3,14.95244368,18.21335646,5.917641102,1088.991163,3603.599484,22.08897042,27,0
3964,npc_cmip3,3667,16.44544885,27.24721458,9.231673823,4.420935719,6.256711115,1,15.43447923,19.84972567,5.171960214,1092.502083,3658.492595,28.45191358,27,0
3965,npc_cmip3,3668,16.96502421,26.53801276,11.42153251,3.307886831,4.47954719,2,15.97023955,19.79825244,4.926592396,1072.832024,3610.111937,21.35553792,41,0
3970,npc_cmip3,3673,17.74643254,22.4748933,9.842422693,3.514117147,5.24206628,2,16.05024067,19.76293848,4.548630633,1088.233954,3632.503514,24.9581326,40,0
3991,npc_cmip3,3694,17.12081525,26.53802476,12.95083887,3.327940323,5.151526472,1,16.51575081,19.33979732,5.936380432,1028.843527,3547.28016,13.14750713,41,0
4000,npc_cmip3,3703,13.62557906,25.69424512,8.070524645,4.613367412,7.12069584,5,13.39179598,16.6912154,5.943759278,1008.437195,3559.636981,12.72302893,33,3
4019,npc_cmip3,3722,14.89496668,20.62441908,7.660149117,4.376337469,8.616905043,4,12.23254737,16.64347947,4.482822522,1108.00627,3694.594122,34.93049046,1,1
4023,npc_cmip3,3726,14.94648389,19.7451543,7.709484364,4.091688696,7.72105748,6,12.62267663,15.98026944,4.489372988,1032.741133,3564.812182,14.61961247,31,3
4054,npc_cmip3,3757,12.05350281,27.63751479,7.548685742,5.460207152,6.277835945,6,11.64771386,17.99658932,4.52910088,992.6216754,3506.481046,8.606430904,44,3
4065,npc_cmip3,3768,12.05356281,27.63761079,10.04389187,5.023791942,6.965009733,5,12.75879793,17.71157054,4.403557849,1095.275553,3638.37116,26.2378761,17,2
4082,npc_cmip3,3785,12.03643053,23.41204561,9.715393813,2.969035637,3.446475293,7,12.39064815,13.80673495,5.920043335,1007.297773,3520.668164,10.19386735,52,7
4102,npc_cmip3,3805,14.57304603,27.77367437,7.145145684,3.876367849,4.56070317,7,12.11122394,16.60980726,4.9398121,1081.082607,3619.072044,22.9161251,31,3
4103,npc_cmip3,3806,15.16176811,27.77380637,10.26887595,3.641611003,2.063251248,2,14.56094129,17.5623665,4.932406437,999.9487285,3551.784852,11.69053315,44,3
4124,npc_cmip3,3827,15.12420035,20.64543211,8.955790091,2.489150481,1.0602561,2,13.98306432,15.71363209,4.973557538,1074.312598,3615.702106,22.0200772,16,2
4133,npc_cmip3,3836,15.58514833,21.27105869,9.956130627,2.8423242,1.20950914,2,13.77481338,17.16601716,5.013498584,1028.574402,3572.06901,14.8870636,44,3
4134,npc_cmip3,3837,15.05992666,19.86874366,9.956154627,2.907672369,4.09930169,3,12.66908405,15.49499805,4.631141745,1076.608812,3614.548256,22.09232756,2,2
4143,npc_cmip3,3846,14.81152361,27.77359037,7.144917684,3.861713612,3.52729538,4,13.46158793,17.18645908,5.095456892,968.2249702,3497.575301,6.927428223,46,3
4155,npc_cmip3,3858,12.17372002,23.62079977,9.989911714,3.268387379,3.21556704,6,12.54669876,15.26731317,4.985070955,1035.094976,3534.558193,12.75537336,47,3
4171,npc_cmip3,3874,13.09202872,21.64684972,10.59722372,3.096947532,4.283231598,6,13.2840698,16.29540237,5.277323133,1087.50521,3656.138805,27.71978565,2,2
4174,npc_cmip3,3877,16.39346464,21.64686172,10.95094998,3.699779909,7.842351235,4,15.51498619,17.73930489,4.293738213,1042.185051,3549.254099,14.17730559,42,2
4179,npc_cmip3,3882,15.33513987,21.64686172,9.533408123,3.664503145,6.3672169,2,14.24656888,16.1764094,5.411465778,955.4716349,3511.946587,7.067515344,46,3
4224,npc_cmip3,3927,17.04679983,43.63448232,6.240524671,7.881647085,7.624181523,2,14.50324364,22.87702686,5.632981697,1063.623472,3609.667273,20.58743908,43,2
4231,npc_cmip3,3934,13.66774955,43.63439832,7.189745204,6.590094161,7.407157075,4,12.83673142,19.52275231,4.315083939,1072.510867,3606.395633,20.97813396,29,2
4246,npc_cmip3,3949,16.55923031,22.5727349,6.240632671,4.992243053,8.112031402,2,13.7648909,16.7484351,4.550224657,1091.974148,3641.662796,26.33319751,14,1
4258,npc_cmip3,3961,12.4128068,22.81443936,8.631216681,4.90898255,10.23494606,5,13.57200868,16.80880346,5.179793227,1091.782221,3635.079434,25.55458985,30,2
4259,npc_cmip3,3962,12.22670646,22.81431936,8.631240681,3.674321275,3.328426027,7,12.31452326,14.13401816,4.743317612,1104.239552,3656.343887,29.22007683,20,3
4263,npc_cmip3,3966,12.69494834,22.81445136,9.328339795,3.325095286,1.475528248,10,11.79741642,16.71419061,5.735583463,1085.627934,3623.419756,23.75011879,21,3
4266,npc_cmip3,3969,11.52135821,21.87532729,9.328627795,4.647498416,9.008862122,10,11.34438219,17.01855725,4.298109639,1109.297724,3689.702708,34.30357666,15,1
4288,npc_cmip3,3991,12.63554554,22.81448736,6.884877852,4.560132441,7.528329933,5,13.40516907,16.56092703,4.299033626,1095.036514,3668.5881,30.004283,15,1
4308,npc_cmip3,4011,12.95463138,25.10916499,6.518954608,4.820174018,5.521032612,7,11.35340087,15.52138594,5.514527519,1085.951323,3650.927257,26.93410895,2,2
4314,npc_cmip3,4017,12.68996215,18.7675045,8.964986178,2.96451792,3.97236676,6,12.64666534,13.68137924,5.852423194,1102.858173,3658.979552,29.43218061,6,4
4364,npc_cmip3,4067,13.5064615,24.4987347,6.058893677,4.516310362,7.917378457,6,11.14228536,17.14822222,4.907436045,973.1516291,3514.259647,8.012844985,48,5
4368,npc_cmip3,4071,10.35200417,24.4986867,6.058881677,5.629002218,8.91452644,3,12.90430607,15.73497572,4.87552972,1089.934532,3647.004344,26.79474985,2,2
4375,npc_cmip3,4078,14.18158801,21.36569805,8.70963838,4.052913477,8.454225908,5,13.37056237,17.47631126,5.966484433,1114.463529,3700,36.38217903,1,1
4377,npc_cmip3,4080,11.37920049,22.44103978,8.452588537,4.289586649,5.197089595,7,11.57805308,15.33769745,4.38859496,1056.158852,3600.264267,19.14946404,47,3
4389,npc_cmip3,4092,13.69401693,22.44130378,8.533118737,4.430749656,8.99483761,5,12.74298741,16.10805481,4.717907846,1085.761093,3609.260403,22.34254504,3,2
4395,npc_cmip3,4098,11.50957402,20.15025988,8.452744537,3.364382477,3.58367534,6,11.61563092,13.46855368,5.529379534,1048.369643,3598.413263,18.4145009,36,5
4407,npc_cmip3,4110,16.8850269,28.6777228,9.329875762,5.622017211,6.914320322,2,12.90696261,19.61920951,5.664246226,1031.410908,3534.880886,12.52947653,15,1
4408,npc_cmip3,4111,13.79303744,27.36245094,6.59441799,5.57035223,10.73868514,7,11.69882036,15.84439854,5.948516726,1051.86084,3568.893606,16.25282913,32,3
4412,npc_cmip3,4115,13.79324744,27.36246294,6.59435799,5.617804922,9.902011668,4,12.29894919,15.97348818,5.297759262,1073.375018,3639.158954,24.48155735,4,4
4417,npc_cmip3,4120,13.68119142,28.6774108,8.587204862,5.401592212,9.832601023,5,13.23616205,19.43577478,5.946839812,1094.206436,3673.64621,30.62331276,14,1
4435,npc_cmip3,4138,14.5118344,27.36213894,8.846383287,4.847119803,8.805025223,5,12.48961511,16.98495236,5.207660799,1072.776665,3601.339479,20.53374746,1,1
4439,npc_cmip3,4142,14.75440361,28.6777108,8.587000862,5.978049835,10.04105082,3,14.67096468,17.8160953,4.652693022,1056.894505,3580.209766,17.50034019,28,1
4462,npc_cmip3,4165,14.32487128,19.09977346,9.916198164,2.540577596,4.324551378,7,12.34205517,14.49690095,5.201787993,1061.335991,3557.025203,16.10242444,34,3
4475,npc_cmip3,4178,12.43391924,19.09988146,9.513670435,2.47258852,4.606445602,6,12.34285929,13.85914452,5.5072956,1076.912829,3604.650349,21.17268631,36,5
4516,npc_cmip3,4219,11.19482766,19.52278736,6.318197604,2.961137717,2.518694593,11,11.0065739,12.69893217,5.121273075,1061.952352,3580.539076,17.90920076,24,8
4538,npc_cmip3,4241,10.3845058,20.89895232,5.136403575,3.499415062,2.566603043,6,10.54387803,13.20394211,4.614070202,1085.351284,3589.731472,20.55270893,23,5
4553,npc_cmip3,4256,11.99912545,16.92525187,10.09483919,2.592396231,5.28455074,4,12.07349955,14.21118254,5.63747582,1067.361066,3623.019948,22.21631051,21,3
4564,npc_cmip3,4267,12.76373913,20.04778409,6.960936274,3.55924407,6.160310078,4,11.12606825,14.67598355,5.752772344,1066.526447,3627.993111,22.68236613,38,8
4625,npc_cmip3,4328,12.17147247,21.1236823,6.653759571,4.396308123,6.186424724,7,11.81990213,16.34066805,5.065949453,1070.62156,3598.091111,20.06913138,33,3
4628,npc_cmip3,4331,12.09940905,21.1236703,6.653987571,4.411704794,6.531774224,9,9.989662525,15.97062264,4.579945709,1035.879654,3558.415121,14.37170145,32,3
4648,npc_cmip3,4351,17.02033643,24.8092794,8.96330299,4.481001362,5.482229922,3,13.99491377,18.98048348,4.438964519,1076.84112,3590.186775,19.88281003,27,0
4655,npc_cmip3,4358,16.29252829,22.66378921,8.96323099,3.703908388,6.070397255,2,13.81142009,17.93312793,5.4512131,1042.964428,3514.781338,12.15825974,46,3
4680,npc_cmip3,4383,18.14859254,24.8089554,10.77207732,3.32940989,2.69657607,2,17.23800486,18.84582673,5.439572475,1024.97241,3538.564226,12.33822602,40,0
4696,npc_cmip3,4399,17.90619096,24.8092794,9.16931575,4.246119325,3.53577119,1,16.18345498,18.88352849,4.234335064,1026.205316,3521.910801,11.4273907,41,0
4698,npc_cmip3,4401,10.9793023,21.66028963,5.220471583,3.572752051,4.066819946,14,9.203370271,12.95549387,5.990681054,1105.998521,3659.897606,29.83615124,11,9
4716,npc_cmip3,4419,10.55555121,21.66028963,6.7457293,5.547929113,11.80704546,5,11.89588108,16.07313381,5.033255784,1098.262257,3648.508576,27.70705928,6,4
4718,npc_cmip3,4421,9.958215804,14.33084054,5.220471583,2.080099838,1.15950796,30,9.776366991,11.12045989,4.311135301,1024.051265,3557.876308,13.55760975,25,8
4721,npc_cmip3,4424,10.42676006,21.41370412,9.021778213,2.429271837,1.747873602,22,10.19799941,11.5608761,5.217526488,1082.110639,3633.389738,24.53890598,11,9
4726,npc_cmip3,4429,10.07314702,21.66027763,9.065712187,4.274355241,1.275389852,10,10.04251198,12.48893502,5.475036477,1100.331251,3649.987843,28.07269697,8,6
4742,npc_cmip3,4445,9.958221804,14.6653931,8.71721742,1.786783723,1.081022952,22,10.13129605,11.44097205,4.256732314,1082.193581,3628.482341,24.00341341,23,5
4752,npc_cmip3,4455,10.58217354,21.28846748,6.534196008,4.153851507,6.56220134,13,9.335809829,13.05180064,5.25077587,1007.998402,3549.904605,12.02791994,25,8
4788,npc_cmip3,4491,10.22219182,20.26303782,6.676311167,3.217999324,3.175627145,17,9.169374079,12.50437784,5.002365734,1036.388097,3560.397142,14.5460746,26,10
4808,npc_cmip3,4511,11.45154955,20.39385782,6.341090634,4.231151487,6.727767314,7,10.78059157,14.52165307,5.5711462,1023.998343,3568.715274,14.3387034,35,5
4838,npc_cmip3,4541,11.87395988,20.39397782,6.241707498,4.185534939,6.870310941,4,11.38280321,13.80254481,5.794294428,979.2446126,3502.949554,7.728888851,52,7
4869,npc_cmip3,4572,15.03247148,29.6712518,9.307043842,5.238303113,5.84351812,4,12.63243835,16.37505165,5.581291391,1003.542914,3504.151231,9.098401027,31,3
4879,npc_cmip3,4582,14.95797548,29.6712398,8.548215364,5.688965341,9.774877939,5,11.44885268,16.93376424,5.868287802,1063.403829,3589.381827,18.74720136,17,2
4882,npc_cmip3,4585,11.4069784,22.72924791,8.548059364,4.921189386,9.140529506,8,11.55298003,18.48865057,4.970259385,1002.899031,3528.651531,10.39745641,29,2
4895,npc_cmip3,4598,14.88973143,22.72924791,8.548191364,5.065178184,10.28226939,5,12.49625565,18.34972846,5.237037437,1093.845589,3657.504208,28.44275327,28,1
4924,npc_cmip3,4627,14.24281712,22.2687792,7.505495392,3.928825442,4.725514095,7,13.04236842,15.61166648,5.104205406,1077.077966,3635.783898,24.39364141,2,2
4933,npc_cmip3,4636,13.24687976,22.2688512,7.462494106,4.482115345,7.049486967,4,10.96658343,16.0922922,4.975974485,1020.61571,3548.339301,12.6908597,31,3
4940,npc_cmip3,4643,15.82835758,22.2691152,7.462230106,5.439273213,11.3868786,3,13.88163265,17.117481,4.988344741,1062.429417,3635.689874,23.22096281,29,2
4941,npc_cmip3,4644,12.33623701,22.2691032,8.02457114,4.261159959,6.22242694,10,10.12057257,15.13331249,4.229331509,1056.749418,3584.121878,17.80598713,50,7
4954,npc_cmip3,4657,10.60760339,18.49406623,6.782493749,3.001068146,1.254940375,10,9.356967947,12.35057121,5.838884181,1111.439456,3659.325113,30.26708546,11,9
4957,npc_cmip3,4660,10.95594068,18.49429423,6.782505749,3.076788025,3.484884213,8,10.22965297,12.26074503,4.936291277,1097.299456,3657.324934,28.72356843,8,6
4983,npc_cmip3,4686,10.88906608,17.59916126,6.782529749,2.758008958,1.501659862,17,9.067430046,12.11684907,5.246765772,1060.835273,3593.108271,18.86912001,11,9
5011,npc_cmip3,4714,10.52822314,14.10426484,7.943031772,1.358174933,1.5794422,30,10.17188854,11.53273056,4.801555971,1006.644555,3556.87434,12.4239207,39,10
5015,npc_cmip3,4718,12.30164306,23.28577733,9.133913897,3.15781293,2.766002575,8,12.08277375,13.89288886,5.427945845,1088.594544,3621.032933,23.75350118,21,3
5051,npc_cmip3,4754,12.22897013,20.6226593,8.198020027,3.141216243,4.15796106,4,12.36560884,14.06734049,4.624357275,1072.168252,3592.823454,19.73047865,19,3
5056,npc_cmip3,4759,12.05130088,20.6223353,8.197876028,3.385068865,5.752142477,7,11.86567912,14.11022453,4.700092891,1071.214775,3637.883433,24.16049266,3,2
5059,npc_cmip3,4762,12.66581159,20.6223713,9.364029986,3.167915671,5.050975395,4,12.82368107,14.95845667,4.953760783,1090.285691,3665.597952,29.18868418,3,2
5071,npc_cmip3,4774,12.46559681,19.06217449,9.364089986,2.969061164,5.841549755,5,12.71528427,14.57515836,4.843690511,1103.731302,3663.381718,30.08435571,5,4
5132,npc_cmip3,4835,14.43846797,19.9873133,6.729506838,3.262768259,2.793020103,4,13.07620038,15.45862075,5.627967721,1025.631964,3558.142573,13.67748334,33,3
5136,npc_cmip3,4839,13.59014775,19.9874333,9.420881493,2.803455055,4.015417812,10,11.86054215,15.24883136,5.874627154,998.0013403,3529.403025,10.16493785,51,7
5149,npc_cmip3,4852,15.28094329,22.03861685,8.947488725,4.290656659,7.834065405,3,13.70249341,16.44559211,5.957960901,1036.178452,3588.746852,16.72749522,31,3
5155,npc_cmip3,4858,14.35324168,23.05656806,9.286573889,4.681547059,9.260047203,3,13.2018478,17.71947114,5.355271582,1096.662329,3651.853345,27.97786868,16,2
5201,npc_cmip3,4904,11.86081662,24.04614343,7.227209328,4.624950001,6.84955279,5,13.0154226,14.78313229,5.769001004,1063.171424,3567.766725,17.01631203,49,5
5217,npc_cmip3,4920,11.92363459,24.04638343,7.23418254,4.694452215,4.062645835,9,10.74846309,14.63285898,5.741574074,1059.407505,3595.86315,19.00123507,7,4
5227,npc_cmip3,4930,11.87223455,22.85844675,7.23409854,4.406518526,1.815138142,8,11.67201036,14.3452024,4.67841839,1069.483947,3632.856666,23.45109228,21,3
5244,npc_cmip3,4947,11.74347324,23.27469866,7.227149328,3.802369766,2.311568995,7,11.13743738,14.87735299,5.193596784,1051.353396,3545.153682,14.55970913,51,7
5247,npc_cmip3,4950,11.60796359,23.27461466,7.89178459,5.104050473,8.039019083,5,12.49189743,16.42062424,5.440598549,1106.313449,3700,35.61997449,18,3
5263,npc_cmip3,4966,13.68356355,19.93138374,6.879523823,4.056816176,7.593879642,3,12.46452745,14.27147716,5.762095639,1064.953006,3580.361339,18.12625146,34,3
5281,npc_cmip3,4984,12.87049056,20.24235617,7.963191189,4.122091891,7.513876423,6,12.16208403,14.45887389,5.456800911,1068.037121,3603.953945,20.39579003,5,4
5316,npc_cmip3,5019,12.0638891,17.46580219,6.300707732,2.627109849,3.83130064,12,11.43647587,13.01611764,5.399530831,1091.735984,3650.588797,27.38947686,23,5
5317,npc_cmip3,5020,9.535901931,17.46564619,6.069403801,3.431104907,4.189786142,17,8.492682523,11.7089372,4.245321457,1060.335834,3579.605781,17.71135059,10,9
5345,npc_cmip3,5048,10.66510021,18.92373482,8.537554533,2.835917225,2.884547246,9,10.97951696,12.64294235,5.272075836,1053.267153,3595.522018,18.5137687,37,8
5363,npc_cmip3,5066,15.58163731,20.24801965,9.388905351,3.413608321,5.998307915,2,13.1820071,16.31602168,4.40226494,1059.650215,3584.52198,18.05682334,29,2
5369,npc_cmip3,5072,14.28563447,20.63779176,10.53941603,3.010164895,5.036597235,3,13.15405058,15.48150774,4.730000343,1046.789468,3550.956741,14.61510403,46,3
5378,npc_cmip3,5081,15.42089402,19.91518624,10.04919999,3.064726078,5.40927608,8,11.91990498,15.48716449,5.308076546,1066.132981,3589.92703,19.00484203,18,3
5379,npc_cmip3,5082,11.29981116,20.24818765,9.388881351,3.428431112,4.6594244,5,11.6535463,14.75750282,4.573106039,1009.239757,3529.668688,10.82689101,49,5
5382,npc_cmip3,5085,11.78815598,17.20833814,9.657694379,2.539948385,4.767468055,5,11.6311049,13.55489329,5.490200536,1068.106498,3631.94451,23.24052266,22,5
5403,npc_cmip3,5106,9.90969971,28.57872408,7.997745068,5.183235328,3.962220131,6,9.914909195,13.96234123,5.328991065,1065.659808,3612.795276,21.04654744,37,8
5415,npc_cmip3,5118,10.76002476,28.57842408,5.690390969,4.941245483,5.581630162,9,9.704908679,13.8028724,4.386307296,1089.336108,3621.274757,23.84241169,4,4
5492,npc_cmip3,5195,14.0341424,20.39959129,6.625534753,4.011505813,5.02448094,7,10.35764226,17.22978388,5.256885252,1019.364041,3510.078387,10.35005788,30,2
5497,npc_cmip3,5200,11.4664385,20.39987929,6.035333754,3.434852511,5.514364618,7,10.6313235,12.39804478,5.144932845,978.158414,3485.265596,6.842794327,39,10
5500,npc_cmip3,5203,13.17175061,23.00773671,9.048919851,4.937421805,9.936909785,4,13.816074,16.94822129,5.263123028,959.5492237,3508.014895,7.044745078,47,3
5508,npc_cmip3,5211,14.77327208,23.00754471,6.851049107,4.490652692,6.409301237,4,12.60226798,16.08174878,5.590226711,1052.931296,3575.540951,16.83866861,18,3
5511,npc_cmip3,5214,14.36325198,21.78965176,6.986380302,3.965702458,4.50228143,5,13.49188581,16.5285687,5.822500466,1079.370819,3593.113151,20.34190809,32,3
5567,npc_cmip3,5270,12.71369058,26.04540535,6.416791786,5.726554893,7.068134129,5,11.34113617,15.66277378,4.752185139,1105.443228,3680.235975,32.55565999,5,4
5585,npc_cmip3,5288,10.41244641,26.04516535,6.416791786,5.209701542,7.665706587,7,9.883915141,13.36831934,4.773702954,1080.992004,3618.182907,22.81784227,22,5
5591,npc_cmip3,5294,10.81874754,16.00720297,6.673034129,2.659011833,3.839680818,11,10.18893359,12.6908995,4.437040164,1048.57028,3573.885264,16.39424516,38,8
5626,npc_cmip3,5329,12.81157476,23.18951203,10.43764284,3.592137554,6.08476895,5,13.36601259,14.81834323,5.576595854,1101.490543,3642.752027,27.30239299,18,3
5633,npc_cmip3,5336,12.99822978,22.1103745,10.41516275,4.054600465,7.269370738,3,14.120132,15.98786433,5.109510185,1056.515528,3578.456547,17.33253064,30,2
5634,npc_cmip3,5337,11.53243396,22.1102905,7.803103136,3.146913333,1.294043,9,11.62875586,13.98594434,4.535729103,1028.680167,3544.47615,12.9538793,48,5
5644,npc_cmip3,5347,11.93256769,23.18944003,7.802983136,4.758803181,7.782316565,6,11.87916848,15.51210315,4.539620437,1061.845463,3581.797813,18.0022893,45,3
5649,npc_cmip3,5352,10.03197162,19.66602551,6.315958878,3.908144238,4.409114496,12,8.456042572,13.99757794,5.198324187,1017.626046,3541.496852,12.06072186,24,8
5656,npc_cmip3,5359,9.601144205,22.06852999,6.315994878,2.808508779,2.262330726,23,9.49491972,11.92495058,4.204904601,1017.320883,3517.898924,10.64320675,39,10
5675,npc_cmip3,5378,9.937381531,22.32118786,6.571954815,4.132671541,4.627918482,14,10.39131086,13.33713684,5.833348691,1036.959046,3574.529063,15.63384028,10,9
5713,npc_cmip3,5416,12.01676242,18.47403541,6.795339686,2.724757106,3.802300525,7,11.04312762,12.47495139,4.846339541,1050.738005,3562.407998,15.69498609,37,8
5730,npc_cmip3,5433,12.03721259,18.86253451,6.957158771,3.160635558,4.639827595,14,10.68459479,14.59509826,4.735828801,1098.027865,3649.664752,27.82798174,7,4
5737,npc_cmip3,5440,13.18887382,28.27289661,9.566128423,4.069619141,5.993693362,4,12.68598419,17.36611049,5.865339523,1109.120096,3685.739741,33.69553886,17,2
5755,npc_cmip3,5458,12.85017072,22.12225536,8.578195946,3.816058806,7.734415947,5,13.18603274,15.95090054,4.920871648,1070.015285,3615.370904,21.64255538,31,3
5774,npc_cmip3,5477,13.26334511,22.12244736,10.12793126,3.641312398,5.342077023,6,13.24898728,15.71784007,5.823662036,1048.949479,3546.276742,14.4591982,32,3
5780,npc_cmip3,5483,13.53467629,20.19367711,9.728298572,3.677505853,8.01505525,5,11.89864309,17.37187987,5.356665676,1087.431391,3638.750898,25.60095603,32,3
5785,npc_cmip3,5488,14.09033398,22.12248336,8.578291946,3.770938989,8.083819288,4,13.65906041,16.31945067,4.695458509,1027.305681,3555.614862,13.60952154,45,3
5808,npc_cmip3,5511,13.7394259,37.48361523,9.104708944,6.426282019,9.21914078,3,14.36859663,18.6070593,5.929235592,1069.09654,3607.587954,20.8178625,16,2
5816,npc_cmip3,5519,12.1355222,41.25965647,6.861503527,8.77360221,8.369752225,5,11.88334407,21.34665245,5.463654415,1052.361285,3610.786085,19.84869858,42,2
5817,npc_cmip3,5520,12.14346476,37.48374723,6.861539527,9.323767986,9.383418325,5,11.41920789,24.43763102,5.303796842,1117.108111,3693.093276,35.5590665,15,1
5829,npc_cmip3,5532,11.74289652,23.80819423,9.104660944,4.346447837,5.87126713,5,10.92076049,15.34924626,4.781850277,1098.621898,3624.863403,25.0327361,19,3
5854,npc_cmip3,5557,11.18015298,22.11528692,6.196000332,5.269346497,10.4883371,4,12.1529581,15.62411053,5.142510903,1063.03337,3576.205955,17.64923147,48,5
5863,npc_cmip3,5566,19.15011029,32.25105877,6.195772332,6.281050317,8.221397608,3,14.5315807,19.28745459,5.419679684,1086.642736,3591.500759,20.81307737,15,1
5864,npc_cmip3,5567,11.18018898,21.52242752,7.169496381,5.249651227,10.20193251,4,12.27950901,15.53170131,4.35237295,1094.570495,3657.021475,28.44476556,2,2
5870,npc_cmip3,5573,16.80274956,32.25080677,7.169484381,5.939344769,9.646252175,5,14.80456247,17.70283945,5.315015317,1057.844632,3550.537827,15.39467115,45,3
5877,npc_cmip3,5580,16.22048116,32.25075877,6.195856332,6.36130206,10.81177586,3,14.054656,17.64711527,5.754978149,1053.971359,3583.241991,17.52819224,1,1
5884,npc_cmip3,5587,11.00345591,22.11522692,6.195736332,5.619606208,11.03311275,4,10.85597675,15.49823701,5.472613792,1087.717644,3649.50175,26.90897443,49,5
5890,npc_cmip3,5593,14.17937066,22.11533492,7.169556381,4.878784117,9.534413018,7,11.31963406,17.32518163,5.69846402,1029.790552,3577.782186,15.40983507,36,5
