"x_dim","y_dim","x_y_ratio","n_neurons","radius","dist_fnc","neighbor_fnc","radius_fraction","err.quant","err.varratio","err.topo","err.kaski"
37,5,7.4,185,10.5356537528527,"euclidean","bubble",0.4813635754399,1.7335194658136,94.22,0.433282516533831,3.19061246902296
29,3,9.66666666666667,87,3.46410161513775,"sumofsquares","bubble",0.208981630392373,1.95891294376121,93.47,0.391623537391894,4.03835476078623
59,6,9.83333333333333,354,8.71779788708135,"manhattan","bubble",0.268116597319022,1.59755819631797,94.67,0.517358148210955,2.91698333146633
5,2,2.5,10,1.97255546743688,"manhattan","bubble",0.584823996061459,4.48855097840283,85.04,0.0641734780396812,4.95508413393562
29,5,5.8,145,5.19615242270663,"sumofsquares","gaussian",0.298323200084269,2.05491381716088,93.15,0.0497707308801085,2.26071699741635
21,2,10.5,42,1.73205080756888,"euclidean","gaussian",0.13614465505816,2.46111035396549,91.8,0.38938426318467,4.46717526922097
55,5,11,275,43,"manhattan","bubble",0.951076647732407,2.80141222036082,90.66,0.512943700186536,2.31197275302242
14,2,7,28,1.73205080756888,"manhattan","gaussian",0.184677852550521,3.05743457150724,89.81,0.240175004239444,3.58534914697335
46,5,9.2,230,30.5122926047847,"sumofsquares","bubble",0.88628570525907,2.23860723129862,92.54,0.179267424113956,2.16077568519137
33,6,5.5,198,28.5131548587665,"sumofsquares","bubble",0.980958309024572,2.33268787716773,92.22,0.0839048668814651,2.09690257068439
19,3,6.33333333333333,57,5.29150262212918,"manhattan","gaussian",0.474335651611909,2.71699846608809,90.94,0.193193149058843,2.59701204153356
24,3,8,72,0,"manhattan","gaussian",0.00816080858930945,2.5538589999377,91.49,0.361044768526369,3.72692898944675
23,6,3.83333333333333,138,5.19615242270663,"sumofsquares","gaussian",0.35815457906574,2.09321522948451,93.02,0.0143705273868069,2.31970163249002
40,4,10,160,11.5325625946708,"euclidean","bubble",0.486432088539004,1.81134879692957,93.96,0.380538070205189,3.35579254074155
35,6,5.83333333333333,210,21.51743479135,"euclidean","bubble",0.84884442621842,1.84048134461132,93.87,0.427637103612006,2.77684149627197
56,6,9.33333333333333,336,22,"manhattan","gaussian",0.628665467491373,2.51386802975233,91.62,0.408215872477531,1.9152541500988
26,5,5.2,130,21,"manhattan","bubble",0.961045289644971,2.35057045294862,92.16,0.34843632355435,2.47587776151799
7,6,1.16666666666667,42,1,"manhattan","gaussian",0.131382890278473,2.63963375084588,91.2,0.326737663218586,3.63277539511468
23,4,5.75,92,2,"sumofsquares","gaussian",0.114903016481549,1.95716995337948,93.48,0.247889774461591,3.31955281240879
19,5,3.8,95,1,"manhattan","bubble",0.0350697450339794,2.26167855241812,92.46,0.38826182804816,3.9448297271546
22,4,5.5,88,12.7671453348037,"sumofsquares","bubble",0.82174547133036,2.29670028878741,92.34,0.0860103442428353,2.6038344206048
23,2,11.5,46,6,"manhattan","gaussian",0.448800559155643,2.95275525238092,90.16,0.260124300491775,2.75043704615339
5,2,2.5,10,2,"sumofsquares","gaussian",0.59114783233963,4.39967697440434,85.33,0,5.26883966158859
26,6,4.33333333333333,156,17.0880074906351,"sumofsquares","gaussian",0.881920446408913,2.4043482441729,91.99,0.00537476683059183,2.14612292310745
21,3,7,63,3.60555127546399,"sumofsquares","gaussian",0.314837497891858,2.33070763433226,92.23,0.142250975072071,2.99409247850654
5,2,2.5,10,3,"euclidean","gaussian",0.855264182435349,4.44392286930211,85.19,0,5.10991402117899
35,5,7,175,16.0934769394311,"euclidean","bubble",0.710632589412853,1.92453185722931,93.58,0.263844497201967,2.57242580180606
19,5,3.8,95,12.1243556529821,"euclidean","bubble",0.868593456223607,2.23846357316174,92.54,0.0481346447346108,2.56939963784267
33,5,6.6,165,6.92820323027551,"manhattan","gaussian",0.35883848881349,2.27914067870787,92.4,0.261338985925047,2.1081182826825
26,4,6.5,104,6.2449979983984,"sumofsquares","gaussian",0.409447564277798,2.24173286085233,92.53,0.0193544175004239,2.34868064879833
32,3,10.6666666666667,96,27.5136329843952,"manhattan","bubble",0.979113092180341,3.48376881145277,88.39,0.43050178056639,2.4324634607658
13,2,6.5,26,1,"sumofsquares","bubble",0.0968009610660374,3.08464407139137,89.72,0.0145487536035272,4.04247800542226
35,6,5.83333333333333,210,7.21110255092798,"euclidean","gaussian",0.361150459153578,2.01179105854108,93.29,0.0305333220281499,2.0618768419401
26,3,8.66666666666667,78,24.0624188310319,"euclidean","gaussian",0.994881552876905,3.4365176738322,88.54,0.00420417161268442,2.36569874568032
16,2,8,32,10.5356537528527,"euclidean","gaussian",0.885029514087364,3.45958872109822,88.47,0,2.87692656736164
34,6,5.66666666666667,204,26.6270539113887,"euclidean","bubble",0.952718787360936,2.24364542199016,92.52,0.0618136340512125,2.06005857093679
21,2,10.5,42,10.5356537528527,"sumofsquares","bubble",0.746728224679828,2.65280224865744,91.16,0.214743937595387,3.50371160585467
6,3,2,18,3.46410161513775,"manhattan","bubble",0.77934326347895,3.53290017114187,88.22,0.137634559945735,4.13938142287608
71,6,11.8333333333333,426,33.0454232837166,"sumofsquares","bubble",0.715607268270105,1.96589681806888,93.45,0.228750551127692,2.00637197967446
48,5,9.6,240,1.73205080756888,"sumofsquares","gaussian",0.0341302854940295,1.55961736227094,94.8,0.397608275394268,3.54126980929544
25,3,8.33333333333333,75,15.52417469626,"manhattan","gaussian",0.851773796137422,3.06973742215647,89.77,0.270805663896897,2.31926957957861
31,3,10.3333333333333,93,19,"sumofsquares","gaussian",0.844361813273281,2.94210707637643,90.19,0.00139274207224012,2.23415413792111
15,3,5,45,2.64575131106459,"manhattan","gaussian",0.264303282834589,2.74296863359932,90.86,0.154021536374428,2.8667386514171
9,4,2.25,36,1,"manhattan","gaussian",0.0316336192190647,2.78690655116817,90.71,0.152966932338477,3.36480977432888
26,3,8.66666666666667,78,4.58257569495584,"euclidean","bubble",0.312587924068794,2.0388289865917,93.2,0.38590910632525,3.98413554360098
16,3,5.33333333333333,48,1.73205080756888,"manhattan","gaussian",0.151483142515644,2.61060498670312,91.3,0.190470408682381,2.96664227313595
32,4,8,128,22.5166604983954,"sumofsquares","bubble",0.913848118856549,2.15440946541978,92.82,0.466105816516873,3.15160414047667
47,6,7.83333333333333,282,8.18535277187245,"manhattan","gaussian",0.313639849657193,2.07284671336045,93.09,0.307650669832118,1.98716190942067
68,6,11.3333333333333,408,9.53939201416946,"manhattan","bubble",0.25185725861229,1.55303781877355,94.82,0.495014753264372,2.91995827838881
64,6,10.6666666666667,384,35.5949434611154,"euclidean","gaussian",0.803833591053262,2.61878364387738,91.27,0.00813532304561642,1.79841172958019
16,5,3.2,80,5.56776436283002,"manhattan","gaussian",0.551775949075818,2.48820996977608,91.71,0.185272850602001,2.51130142662681
47,6,7.83333333333333,282,5.56776436283002,"manhattan","bubble",0.205722658894956,1.62044096411952,94.6,0.655271324402238,3.23144080475195
38,4,9.5,152,9.53939201416946,"manhattan","bubble",0.430353601463139,1.96523819813511,93.45,0.50940851280312,3.07283613568384
21,3,7,63,2,"euclidean","bubble",0.180363707011566,2.15809203778737,92.81,0.266273189757504,3.68992200244239
12,3,4,36,7.54983443527075,"sumofsquares","gaussian",0.868771179113537,2.83997235119503,90.53,0.00516567746311684,3.22026571228237
7,6,1.16666666666667,42,3,"manhattan","gaussian",0.498669476015493,2.7709532288864,90.76,0.281277090045786,3.40973222256467
37,6,6.16666666666667,222,13.114877048604,"euclidean","bubble",0.577577898046002,1.84292432480604,93.86,0.259260301848397,2.461112680589
4,3,1.33333333333333,12,1,"sumofsquares","gaussian",0.242450321558863,4.02825207727627,86.57,0.129656096320163,5.3144558044836
41,6,6.83333333333333,246,1,"sumofsquares","bubble",0.0190259937662631,1.65938624543183,94.47,0.406160929286078,3.67182692401881
4,3,1.33333333333333,12,1.86289343786449,"euclidean","gaussian",0.597820359049365,4.09794522812496,86.34,0.100634220790232,5.12232409503319
10,3,3.33333333333333,30,8.54400374531753,"manhattan","gaussian",0.97680448833853,3.24851482921894,89.17,0.129726471086993,3.19380337428357
34,4,8.5,136,8.54400374531753,"sumofsquares","gaussian",0.43207838665694,2.198063387418,92.67,0.0383679837205359,2.18874193003708
8,4,2,32,2.64575131106459,"sumofsquares","bubble",0.386826247675344,2.76574350339492,90.78,0.00884280142445311,3.60018202003033
9,4,2.25,36,3,"sumofsquares","gaussian",0.520968686789274,2.73368028774581,90.89,0.00914871968797694,3.43742933996842
35,4,8.75,140,10.816653826392,"sumofsquares","gaussian",0.515983548015356,2.28936594316425,92.37,0.0130101746650839,2.10805970339852
14,3,4.66666666666667,42,1,"manhattan","gaussian",0.0853114174678922,2.67612114699856,91.08,0.148716974732915,3.05682355952763
31,3,10.3333333333333,93,0,"sumofsquares","bubble",0.00715711619704962,2.16027087587612,92.8,0.340189927081567,4.34294867740171
44,6,7.33333333333333,264,3,"sumofsquares","gaussian",0.0945966120343655,1.53305333313695,94.89,0.303372731897575,3.14480191822595
18,4,4.5,72,2.64575131106459,"sumofsquares","bubble",0.243521485710517,2.07118950813178,93.1,0.2070969984738,3.43039991801579
7,2,3.5,14,0,"euclidean","bubble",0.0423587874975055,3.69671162795778,87.68,0.222501102255384,5.57523683893028
4,2,2,8,2,"manhattan","gaussian",0.708704100223258,5.11565285917883,82.95,0.0619052060369679,5.20559211198846
17,5,3.4,85,10.1488915650922,"sumofsquares","bubble",0.837112068198621,2.23066424862994,92.56,0.0245141597422418,2.65285186123849
11,5,2.2,55,2.64575131106459,"sumofsquares","bubble",0.346231010742486,2.27642125260772,92.41,0.100909954214007,3.44985305624702
48,5,9.6,240,24.0624188310319,"euclidean","gaussian",0.749948074342683,2.52026571751142,91.6,0.00351382058673902,1.90173373855442
37,4,9.25,148,1,"euclidean","gaussian",0.0270487263333052,1.78322218718191,94.06,0.355019162285908,3.59345372854248
23,5,4.6,115,18.5202591774521,"euclidean","gaussian",0.958952054381371,2.60834199566043,91.31,0.00560115312870951,2.26565951692445
45,5,9,225,2.64575131106459,"euclidean","bubble",0.0764225642196834,1.59649169565795,94.68,0.523464982194336,3.64911560050663
20,5,4,100,10.5356537528527,"manhattan","gaussian",0.774050798732787,2.54345888651379,91.52,0.215198405969137,2.32482336412062
30,5,6,150,2.64575131106459,"manhattan","gaussian",0.132251703413203,1.91761387039894,93.61,0.383473121926403,2.82707383636055
60,6,10,360,5.29150262212918,"euclidean","bubble",0.157473776023835,1.40943662806876,95.3,0.593675258606071,3.75452364924181
24,3,8,72,11,"sumofsquares","gaussian",0.702611582586542,2.61863862253965,91.27,0.00340274715957266,2.43556947559454
8,3,2.66666666666667,24,2.64575131106459,"euclidean","bubble",0.493195235729218,2.98951187117752,90.03,0.0206270985246736,4.04159217602858
15,6,2.5,90,9.53939201416946,"sumofsquares","bubble",0.858768677571788,2.25041424215748,92.5,0.0132901475326437,2.63147984244452
35,3,11.6666666666667,105,7,"sumofsquares","bubble",0.354163618059829,1.91390769840046,93.62,0.2611332881126,4.12629076779765
57,5,11.4,285,14.5258390463339,"sumofsquares","bubble",0.446112092351541,1.63189947278411,94.56,0.18094793963032,2.76794945316163
24,3,8,72,3,"sumofsquares","gaussian",0.214404903817922,2.14284989385424,92.86,0.24463761234526,3.45405706992923
20,6,3.33333333333333,120,2.64575131106459,"euclidean","gaussian",0.163743368349969,1.90694872111278,93.64,0.147733762930304,2.77919427608719
16,6,2.66666666666667,96,13.5277492584687,"sumofsquares","bubble",0.975031427806243,2.24233028482723,92.53,0.0476462608105817,2.71194292967291
16,4,4,64,6,"manhattan","gaussian",0.584643067093566,2.59443899582127,91.35,0.177861454977107,2.61423932543784
9,2,4.5,18,8,"euclidean","gaussian",0.987798097543418,4.30939282320046,85.64,0,3.46364678917433
46,4,11.5,184,3.60555127546399,"euclidean","gaussian",0.147314531961456,1.6751826254184,94.42,0.332585212820078,3.56777458349591
11,2,5.5,22,5,"euclidean","gaussian",0.714496348053217,3.34156526754972,88.86,1.69577751399016e-07,3.62803938740494
8,5,1.6,40,3.60555127546399,"euclidean","bubble",0.659567163791507,2.57002039033656,91.43,0.0743316940817365,3.56579000676859
9,4,2.25,36,3.60555127546399,"sumofsquares","bubble",0.632887246087193,2.68634752309667,91.05,0.00556113277937935,3.46955762374593
58,5,11.6,290,4.58257569495584,"sumofsquares","bubble",0.139441948384047,1.47653844678184,95.08,0.52095031371884,3.87486281734083
43,4,10.75,172,1,"sumofsquares","bubble",0.0312460279092193,1.7923833092378,94.03,0.405464643038833,3.74673733185378
7,4,1.75,28,2.64575131106459,"sumofsquares","gaussian",0.56048132898286,2.99632733317621,90.01,0.00322316432084111,3.65819561474095
15,2,7.5,30,9,"sumofsquares","bubble",0.850527896545827,2.88091114366655,90.4,0.230787858233,3.9051772488779
39,5,7.8,195,23.259406699226,"manhattan","gaussian",0.836648782016709,2.80962340820011,90.63,0.356188909615059,2.03164598516525
55,6,9.16666666666667,330,24.5153013442625,"euclidean","bubble",0.691717846319079,2.03326386185086,93.22,0.229784975411226,1.99298712734838
21,2,10.5,42,9,"sumofsquares","gaussian",0.676314612384886,3.04578517097762,89.85,0.000966423605222995,2.70948232161939
19,2,9.5,38,13.5277492584687,"sumofsquares","gaussian",0.91800752398558,3.78557256318448,87.38,0,2.66741599870804
22,2,11,44,1,"manhattan","bubble",0.0860407301224768,2.67661200282677,91.08,0.367818721383754,3.86418385601421
19,6,3.16666666666667,114,3.60555127546399,"euclidean","bubble",0.284486460965127,1.84752922827427,93.84,0.263163303374597,3.19474358828445
12,5,2.4,60,1,"euclidean","bubble",0.0427123438566923,2.34896109666525,92.17,0.404476174325928,4.5062819160435
15,5,3,75,10.1488915650922,"manhattan","gaussian",0.891327094752342,2.66710443691571,91.11,0.192557402068849,2.50758825620606
68,6,11.3333333333333,408,19.313207915828,"euclidean","bubble",0.484470219351351,1.5474129585004,94.84,0.476867220620655,2.97208227692988
8,5,1.6,40,7.76848828773058,"manhattan","bubble",0.995521973352879,2.8567859315089,90.48,0.183508902831948,3.17140548860047
12,5,2.4,60,1.73205080756888,"sumofsquares","bubble",0.143036961788312,2.18400461230298,92.72,0.146097168051552,3.4941199199763
14,3,4.66666666666667,42,4,"euclidean","bubble",0.483166740974411,2.51999013769923,91.6,0.0946847549601492,3.41050687693025
12,2,6,24,8,"euclidean","gaussian",0.899942784104496,3.44370581681142,88.52,0,3.31503133031441
22,5,4.4,110,6.557438524302,"sumofsquares","bubble",0.488545692292973,1.97085294918603,93.43,0.202256401560115,2.88547535638156
15,5,3,75,1,"manhattan","gaussian",0.0218949869740754,2.20428149873306,92.65,0.251866542309649,3.00998363136133
21,3,7,63,11.5325625946708,"euclidean","bubble",0.792431543814018,2.31861583965202,92.27,0.367510768187214,3.80421466473537
26,6,4.33333333333333,156,6,"euclidean","gaussian",0.378396520856768,2.07679442656956,93.08,0.0142555536713583,2.22664095562628
13,6,2.16666666666667,78,3,"euclidean","bubble",0.283323094481602,2.05705384294134,93.14,0.154350686789893,3.24093131200393
27,4,6.75,108,16.0934769394311,"sumofsquares","bubble",0.838419924955815,2.22812990291731,92.57,0.136540953026963,2.52192778466079
48,6,8,288,28.0535202782111,"sumofsquares","bubble",0.825979038374498,2.12544889755944,92.92,0.172642360522299,1.98124167575735
15,6,2.5,90,8,"sumofsquares","bubble",0.763340013800189,2.23483022448714,92.55,0.0235692725114465,2.66495916968421
24,4,6,96,1,"manhattan","gaussian",0.0430438101757318,2.09470758684898,93.02,0.321659487875191,3.0202962334933
26,4,6.5,104,8.54400374531753,"sumofsquares","bubble",0.537883951561525,2.02177769034526,93.26,0.153503985077158,2.97224600058985
19,2,9.5,38,2.64575131106459,"manhattan","gaussian",0.251119058346376,2.78911880304551,90.7,0.374392402916737,3.60572939875612
9,2,4.5,18,7.7350033390185,"euclidean","bubble",0.982697631930932,3.43524720928127,88.55,0.265563337290148,4.8270998066325
16,6,2.66666666666667,96,2,"manhattan","gaussian",0.141344212228432,2.12543087981767,92.92,0.278577920976768,2.83048741770089
29,4,7.25,116,8.18535277187245,"euclidean","gaussian",0.485991592286155,2.25781847185841,92.47,0.0127193488214346,2.24203330012772
37,6,6.16666666666667,222,24.2487113059643,"sumofsquares","bubble",0.880407924531028,2.22020473873327,92.6,0.10869577751399,2.01827315808287
17,2,8.5,34,6,"manhattan","bubble",0.593172381864861,2.98207800798082,90.06,0.298720875021197,3.3883348897787
16,2,8,32,1,"sumofsquares","gaussian",0.13464995007962,2.66633953602002,91.11,0.321366457520773,4.40118592506336
17,4,4.25,68,4,"manhattan","bubble",0.386063342448324,2.34928911377641,92.17,0.244657283364423,2.90339394866185
12,3,4,36,4.35889894354067,"sumofsquares","bubble",0.566589024616405,2.63808689254653,91.21,0.0336096320162795,3.45899004393513
31,5,6.2,155,5.19615242270663,"sumofsquares","gaussian",0.283565640216693,2.00432064144751,93.32,0.0845299304731219,2.29684660491109
17,4,4.25,68,2,"euclidean","bubble",0.182264570845291,2.10865560995132,92.97,0.153248600983551,3.39382884933974
45,6,7.5,270,21.0713075057055,"sumofsquares","gaussian",0.716360067715868,2.34677880531151,92.18,0.00398643377988808,1.88394981233952
31,4,7.75,124,17.0880074906351,"sumofsquares","bubble",0.797345452243462,2.08092809450457,93.06,0.210665592674241,2.70222677891936
11,5,2.2,55,6.2449979983984,"manhattan","gaussian",0.806079372297972,2.70567737045114,90.98,0.171851789045277,2.8037350956156
17,4,4.25,68,4,"sumofsquares","gaussian",0.391711998265237,2.34809009981384,92.17,0.00943377988807868,2.74114513192058
68,6,11.3333333333333,408,13.5277492584687,"manhattan","gaussian",0.353104059817269,2.11224291330604,92.96,0.370251314227573,1.90622496447451
5,2,2.5,10,2,"manhattan","gaussian",0.609282721532509,4.55206852620663,84.83,0.0716257419026624,4.86656547216919
46,5,9.2,230,28.0535202782111,"euclidean","bubble",0.848354288609698,2.22422321063782,92.59,0.165938782431745,2.06117573828711
7,3,2.33333333333333,21,3,"manhattan","gaussian",0.665976779535413,3.37782375861716,88.74,0.115117686959471,3.83599613304995
8,2,4,16,4.58257569495584,"euclidean","gaussian",0.796118416124955,3.68589096660587,87.71,0,4.14837898204721
38,6,6.33333333333333,228,3.60555127546399,"sumofsquares","gaussian",0.157103970181197,1.62564686285862,94.58,0.276787349499746,2.9285936260998
15,3,5,45,10,"manhattan","gaussian",0.890579174272716,3.01283371033306,89.96,0.174193149058843,2.73795330219615
13,5,2.6,65,1.73205080756888,"sumofsquares","gaussian",0.129534007282928,2.2004694934734,92.67,0.0756028489062235,3.12660520814442
13,5,2.6,65,3.46410161513775,"manhattan","gaussian",0.374632850522175,2.51735422461028,91.61,0.170941156520265,2.71398017829679
12,2,6,24,7.54983443527075,"sumofsquares","gaussian",0.852023149607703,3.38717301513391,88.71,0,3.36585763315107
3,2,1.5,6,0,"sumofsquares","bubble",0.039378163870424,5.86958916171613,80.43,0.457128370357809,8.89155182803724
5,2,2.5,10,2,"euclidean","gaussian",0.624037863919511,4.39967697440434,85.33,0,5.26883966158859
11,2,5.5,22,1,"manhattan","bubble",0.156356141436845,3.33601267140106,88.88,0.110497541122605,3.84634141539004
34,3,11.3333333333333,102,4,"sumofsquares","gaussian",0.216856319922954,1.98488008624396,93.38,0.247814142784467,3.41419940412335
2,2,1,4,1,"sumofsquares","gaussian",0.638707507401705,8.3295742089622,72.23,0,7.28038888352788
7,4,1.75,28,2.64575131106459,"sumofsquares","gaussian",0.456389527535066,2.99632733317621,90.01,0.00322316432084111,3.65819561474095
11,5,2.2,55,6,"manhattan","bubble",0.75929189263843,2.60821313543871,91.31,0.164380023740885,2.8524357297037
45,4,11.25,180,23.6431808350738,"euclidean","gaussian",0.774970229249448,2.70399989723213,90.99,0.00268339833813804,1.9763255274551
32,4,8,128,0,"sumofsquares","gaussian",0.00516719021834433,1.98222266114419,93.39,0.365651178565372,4.02036025060618
9,4,2.25,36,2,"sumofsquares","bubble",0.256041559856385,2.60456057431863,91.32,0.275551975580804,5.26983806100547
3,2,1.5,6,0,"manhattan","gaussian",0.002107446314767,5.99575282119375,80.01,0.0586106494827879,5.73902144435562
44,4,11,176,27,"sumofsquares","gaussian",0.849905540235341,2.8422998896331,90.53,0.00389503137188401,2.00042889094472
60,5,12,300,29.8249609635433,"sumofsquares","gaussian",0.745669910917059,2.60700861934172,91.31,0.00390961505850432,1.8375160101927
33,6,5.5,198,11.13552872566,"euclidean","gaussian",0.551964819664136,2.1382369100693,92.87,0.00756113277937935,2.04312034052691
18,4,4.5,72,9.53939201416946,"sumofsquares","gaussian",0.77286668936722,2.48543715881581,91.72,0.00614481939969476,2.60149022545232
46,6,7.66666666666667,276,9,"manhattan","bubble",0.344441190827638,1.72031546879711,94.27,0.523821265050025,2.82706437824168
37,4,9.25,148,10.5356537528527,"euclidean","gaussian",0.485892729600891,2.24829507561648,92.51,0.0254334407325759,2.1007346966214
19,2,9.5,38,8.54400374531753,"sumofsquares","bubble",0.696294317953289,2.72613726319676,90.91,0.200433440732576,3.51573113272034
46,5,9.2,230,10.1488915650922,"manhattan","bubble",0.385719734011218,1.79638270263678,94.01,0.524863829065627,2.90961846755616
12,3,4,36,2,"manhattan","gaussian",0.303683213889599,2.84294086145657,90.52,0.132750551127692,3.14545430194927
26,3,8.66666666666667,78,1.73205080756888,"sumofsquares","bubble",0.0865612458437681,2.08992915028168,93.03,0.301630659657453,3.73637498285016
16,2,8,32,2.64575131106459,"sumofsquares","bubble",0.306708994787186,2.67172295909838,91.09,0.334255044938104,4.48388222403888
5,4,1.25,20,3,"sumofsquares","bubble",0.780152636347339,3.30000218603147,89,0.20998914702391,4.81761382492532
5,2,2.5,10,0,"euclidean","bubble",0.040361674502492,4.34129032485108,85.53,0.292109547227404,6.46534119621792
27,6,4.5,162,8.88819441731559,"manhattan","bubble",0.537759420229122,2.01993472987053,93.27,0.427112090893675,2.61046523956916
4,3,1.33333333333333,12,2.64575131106459,"manhattan","bubble",0.82868074066937,4.17447771976347,86.09,0.231949635407835,5.06029732155887
17,4,4.25,68,5.56776436283002,"manhattan","gaussian",0.540120862191543,2.55756810914248,91.47,0.183719179243683,2.57143817044353
52,6,8.66666666666667,312,7.81024967590665,"euclidean","bubble",0.264724771259353,1.47354420194318,95.09,0.404017127352891,3.38675774271822
34,4,8.5,136,8.54400374531753,"euclidean","gaussian",0.441698576090857,2.19806499621413,92.67,0.0383664575207733,2.18873657081664
29,3,9.66666666666667,87,2.64575131106459,"sumofsquares","bubble",0.177337700501084,1.97956429641594,93.4,0.477646430388333,3.96871064405077
8,2,4,16,4,"euclidean","gaussian",0.737057348946109,3.65192939363542,87.83,0,4.21843301632295
43,4,10.75,172,14,"manhattan","gaussian",0.540890867356211,2.55484872723786,91.48,0.341144141088689,2.04721785031065
4,3,1.33333333333333,12,1.73205080756888,"euclidean","gaussian",0.574662790633738,4.08622455262376,86.38,0.105754451415974,5.14903521882623
34,6,5.66666666666667,204,20.952326839757,"manhattan","bubble",0.847514377906919,2.19637773974615,92.68,0.392461590639308,2.2216599787485
46,4,11.5,184,6,"sumofsquares","gaussian",0.236892970046028,1.80423204956326,93.99,0.18036238765474,2.84809406118866
7,5,1.4,35,3.60555127546399,"manhattan","gaussian",0.722990546375513,2.99181567492675,90.03,0.186751229438698,3.29438676235487
9,4,2.25,36,8.18535277187245,"sumofsquares","gaussian",0.989309371216223,2.95066700558384,90.16,0.00273783279633712,3.26342380064829
6,2,3,12,0,"manhattan","gaussian",0.000426943646743894,4.52804260884379,84.91,0.0776688146515177,4.82775006816902
23,5,4.6,115,1.73205080756888,"euclidean","gaussian",0.0624830711167306,1.84009170060972,93.87,0.253275224690521,3.20142722699741
51,5,10.2,255,19.5192212959431,"sumofsquares","gaussian",0.619399839779362,2.36676590201385,92.11,0.00310140749533661,1.86796174377621
24,5,4.8,120,10,"manhattan","gaussian",0.647257478907704,2.45557855361384,91.81,0.237184839749025,2.23051703044366
29,4,7.25,116,5.29150262212918,"manhattan","gaussian",0.328646809328347,2.34234178542685,92.19,0.246321688994404,2.25164393712149
23,2,11.5,46,8,"euclidean","bubble",0.57098620897159,2.53168316435616,91.56,0.354113617093437,3.90522519075732
22,2,11,44,6.557438524302,"manhattan","gaussian",0.507442822912708,3.10667626059475,89.64,0.233151602509751,2.65066611862697
5,4,1.25,20,1,"euclidean","gaussian",0.139225145801902,3.24433834398557,89.19,0.209379684585382,4.76983243986101
11,4,2.75,44,7.61546876426324,"sumofsquares","gaussian",0.906030704965815,2.73217003513462,90.89,0.00457419026623707,3.09698822263544
28,3,9.33333333333333,84,1,"manhattan","gaussian",0.0411906079389155,2.19119739110519,92.7,0.403994234356452,3.28676914344634
47,5,9.4,235,12.4899959967968,"sumofsquares","bubble",0.452168647199869,1.7067688131314,94.31,0.272403764626081,2.79429957542329
33,3,11,99,14.5258390463339,"sumofsquares","gaussian",0.679138616658747,2.66811712574928,91.11,0.00151517720875021,2.19144841082477
10,6,1.66666666666667,60,0,"euclidean","gaussian",0.0162072326056659,2.40725325202439,91.98,0.38547634390368,4.4431965657622
52,5,10.4,260,11.5325625946708,"sumofsquares","bubble",0.395160564687103,1.58681116098952,94.71,0.438922842123113,3.35062912615909
17,5,3.4,85,7,"sumofsquares","bubble",0.642193932086229,2.17236536516647,92.76,0.0429289469221638,2.72313655634229
43,5,8.6,215,3.60555127546399,"sumofsquares","gaussian",0.138405263889581,1.62875037364508,94.57,0.325061217568255,3.2697498354846
29,3,9.66666666666667,87,13.5277492584687,"sumofsquares","gaussian",0.720248800003901,2.66694647679127,91.11,0.00176208241478718,2.27723518365619
17,2,8.5,34,1,"manhattan","bubble",0.0362742738798261,2.99398067185193,90.02,0.188956079362388,3.61110065279538
33,6,5.5,198,15.52417469626,"manhattan","bubble",0.715048580896109,2.10194975345955,92.99,0.371903679837205,2.26245606978773
7,5,1.4,35,1,"sumofsquares","bubble",0.109179434133694,2.62769524808652,91.24,0.152699169069018,4.05414706046916
65,6,10.8333333333333,390,30.6104557300279,"euclidean","bubble",0.720418882323429,1.92766145268142,93.57,0.166477870103442,1.96898548325428
21,2,10.5,42,3,"euclidean","gaussian",0.271926157642156,2.52556744730095,91.58,0.285059691368492,4.05275119017836
22,2,11,44,5,"sumofsquares","gaussian",0.396078309277073,2.61244669352816,91.29,0.228097168051552,3.4875969215779
11,2,5.5,22,1,"manhattan","bubble",0.181362281553447,3.33601267140106,88.88,0.110497541122605,3.84634141539004
15,3,5,45,6.557438524302,"manhattan","bubble",0.69085028511472,2.69685704802837,91.01,0.20046905206037,3.01260773019953
12,2,6,24,4,"euclidean","bubble",0.531111735850573,3.00348236754086,89.99,0.187454807529252,4.29968726111999
10,3,3.33333333333333,30,1.73205080756888,"euclidean","bubble",0.233627277892083,2.75360328222768,90.82,0.0198161777174835,3.73520467529199
41,6,6.83333333333333,246,4.58257569495584,"manhattan","bubble",0.188730698777363,1.64711806819401,94.51,0.610569102933695,3.156623754705
19,2,9.5,38,5,"sumofsquares","bubble",0.471486780326813,2.60944350688279,91.3,0.304624385280651,3.99349316110653
14,2,7,28,5,"sumofsquares","bubble",0.570698558352888,2.88641725280833,90.38,0.20978056638969,4.05804344106686
24,3,8,72,10.5356537528527,"sumofsquares","bubble",0.676328619709238,2.17382521883237,92.75,0.348313040529083,3.63474754968454
32,5,6.4,160,7,"sumofsquares","gaussian",0.37196054472588,2.08762001478851,93.04,0.0197761573681533,2.13783991228397
30,4,7.5,120,24.0624188310319,"euclidean","gaussian",0.963297103764489,2.8964330251099,90.35,0.00366355774122435,2.1722393777225
31,3,10.3333333333333,93,13,"euclidean","bubble",0.664275691146031,2.15905919557631,92.8,0.327324910971681,3.5538434966196
11,3,3.66666666666667,33,1,"sumofsquares","gaussian",0.0871175369247794,2.68658866346834,91.04,0.0221339664236052,3.5809977103899
9,6,1.5,54,5.29150262212918,"sumofsquares","bubble",0.767113430425525,2.47257747272678,91.76,0.0343026962862472,3.09869052676359
39,4,9.75,156,18.0831413200251,"sumofsquares","bubble",0.715562938014045,1.94829771579065,93.51,0.392676106494828,3.11154036765906
24,6,4,144,20,"euclidean","bubble",0.970771035179496,2.13239162355098,92.89,0.0493071053077836,2.30788009846458
17,2,8.5,34,1,"manhattan","bubble",0.0652252894360572,2.99375027290229,90.02,0.18753823978294,3.59533051960795
23,2,11.5,46,4,"manhattan","gaussian",0.304085933603346,2.70560009928162,90.98,0.378341190435815,3.37633884658591
15,2,7.5,30,12,"euclidean","gaussian",0.964977664407343,3.8995078654986,87,0,2.86383854365145
23,4,5.75,92,10.1488915650922,"sumofsquares","gaussian",0.685456578154117,2.40367991367519,91.99,0.00598405969136849,2.39041885753911
35,4,8.75,140,14.5258390463339,"sumofsquares","bubble",0.655301056103781,1.96011973183091,93.47,0.228845175512973,2.86854767007802
35,4,8.75,140,8,"sumofsquares","bubble",0.39532488421537,1.81768688173869,93.94,0.332175004239444,3.43935987422706
9,4,2.25,36,7.54983443527075,"sumofsquares","gaussian",0.974349009804428,2.92043126871698,90.27,0.00292894692216381,3.2809639177811
48,6,8,288,14.1067359796659,"sumofsquares","bubble",0.494678357150406,1.66195114923982,94.46,0.450412921824657,2.87445345103852
55,5,11,275,37,"euclidean","bubble",0.891746687702835,2.33257837874023,92.22,0.205301339664236,2.0530258520778
25,4,6.25,100,2,"euclidean","gaussian",0.122339946683496,1.90810711126221,93.64,0.276527386806851,3.36477390996616
44,4,11,176,37.0405183549043,"manhattan","gaussian",0.976014702580869,3.58969110044704,88.03,0.436354078344921,2.13909757381185
9,4,2.25,36,3,"manhattan","bubble",0.508531285682693,2.81959363529555,90.6,0.153695268780736,3.31024467993643
6,5,1.2,30,5.56776436283002,"euclidean","gaussian",0.991048649419099,3.08191940010906,89.73,0.0366079362387655,3.56834700485805
12,4,3,48,7.21110255092798,"sumofsquares","bubble",0.834863631054759,2.52715301553151,91.58,0.0109893166016619,3.1303125859144
51,6,8.5,306,19.313207915828,"manhattan","gaussian",0.609953951090574,2.45750067266532,91.81,0.384177547905715,1.92536318771524
22,4,5.5,88,1,"euclidean","bubble",0.0593997263349593,2.16243617051473,92.79,0.0727546209937256,3.3810183571602
5,3,1.66666666666667,15,3.60555127546399,"sumofsquares","gaussian",0.895122930873185,3.79147588679168,87.36,0.0304468373749364,4.55898197844889
7,2,3.5,14,3,"euclidean","gaussian",0.692100254585966,3.79870762300483,87.34,0,4.54178067007114
48,4,12,192,9,"euclidean","gaussian",0.333604712039232,1.97475679491267,93.42,0.136228760386637,2.4241781826624
26,3,8.66666666666667,78,7.54983443527075,"sumofsquares","bubble",0.486164720496163,2.07907648337914,93.07,0.355642360522299,4.248328114755
5,2,2.5,10,1,"sumofsquares","gaussian",0.304740101099014,4.36310248529885,85.46,0,5.3325567356875
28,4,7,112,2.64575131106459,"manhattan","gaussian",0.12219011108391,2.06717019912369,93.11,0.355238595896218,2.89987251754585
25,6,4.16666666666667,150,8.18535277187245,"manhattan","bubble",0.53529284382239,2.10103637106486,93,0.335600644395455,2.40793923510657
19,2,9.5,38,7.54983443527075,"euclidean","bubble",0.62792747747153,2.63101249130347,91.23,0.301857893844328,3.90104499968158
9,4,2.25,36,2,"manhattan","gaussian",0.261896091513336,2.85288418698102,90.49,0.129076140410378,3.24413200169234
16,6,2.66666666666667,96,1,"manhattan","bubble",0.0487224156968296,2.22799042383776,92.57,0.426378327963371,3.8241877358645
31,3,10.3333333333333,93,17.037074639675,"manhattan","bubble",0.797689785715193,2.46051567339487,91.8,0.599040868238087,3.49704484248809
38,4,9.5,152,9,"manhattan","gaussian",0.411644411971793,2.35952716375849,92.13,0.287221977276581,2.11037698179172
31,5,6.2,155,7.21110255092798,"sumofsquares","gaussian",0.405386930098757,2.10513035813133,92.98,0.0127437680176361,2.14416168036757
22,2,11,44,9.53939201416946,"manhattan","gaussian",0.687594843329862,3.29061846847581,89.03,0.256010005087333,2.58842376411571
22,4,5.5,88,8.54400374531753,"manhattan","bubble",0.616418662248179,2.34653678953345,92.18,0.30415635068679,2.64741902363913
21,2,10.5,42,13.5277492584687,"manhattan","gaussian",0.876687914365903,3.91550519098406,86.95,0.2838060030524,2.53156119421421
54,6,9,324,6.08276253029822,"sumofsquares","gaussian",0.20130420406349,1.60142577499688,94.66,0.180363235543497,2.62657355669944
23,3,7.66666666666667,69,5.29150262212918,"sumofsquares","bubble",0.405623900471255,2.12684228873692,92.91,0.342437001865355,3.93734064504572
22,2,11,44,7.54983443527075,"manhattan","gaussian",0.555877696955577,3.17675210925644,89.41,0.242518907919281,2.61924019178968
8,6,1.33333333333333,48,3.46410161513775,"sumofsquares","bubble",0.502237987238914,2.46553912433365,91.78,0.123641851789045,3.47541624904012
45,4,11.25,180,16.5227116418583,"sumofsquares","gaussian",0.596393405925483,2.46628547407922,91.78,0.00518297439375954,1.96466744614611
13,3,4.33333333333333,39,7.54983443527075,"euclidean","gaussian",0.830959355924278,2.781780678674,90.73,0.00507647956588096,3.11975952378147
41,6,6.83333333333333,246,2,"manhattan","gaussian",0.0501031070016325,1.65263547804541,94.49,0.475887739528574,3.00383106903732
11,5,2.2,55,7.21110255092798,"euclidean","gaussian",0.873283315682784,2.54884832770429,91.5,0.0142874342886213,2.95168542813239
14,2,7,28,1,"manhattan","gaussian",0.105941765941679,3.01297883594159,89.96,0.258064609123283,3.74620752338655
23,2,11.5,46,9.53939201416946,"sumofsquares","bubble",0.657243591966107,2.57083978761379,91.43,0.318675258606071,3.74281001990622
20,2,10,40,11,"sumofsquares","bubble",0.797409777529538,2.65482944330434,91.15,0.329085636764457,3.85441662939382
21,4,5.25,84,2.64575131106459,"sumofsquares","bubble",0.199801332782954,1.9749536016889,93.42,0.283111582160421,3.48859268070712
10,2,5,20,2.64575131106459,"sumofsquares","gaussian",0.454337072558701,3.34493231280164,88.85,1.0513820586739e-05,3.86077503691116
23,5,4.6,115,12.7671453348037,"euclidean","gaussian",0.794909226242453,2.35766123032356,92.14,0.00723808716296422,2.30314336273772
13,5,2.6,65,7.93725393319377,"sumofsquares","gaussian",0.830429361201823,2.45910451856994,91.8,0.0124448024419196,2.80407928743094
20,4,5,80,8.18535277187245,"sumofsquares","bubble",0.641404585447162,2.17862651740599,92.74,0.125363065965745,3.00457801921789
15,4,3.75,60,1.73205080756888,"euclidean","gaussian",0.137425395194441,2.2563068626121,92.48,0.0772882821773783,3.17134975791818
10,3,3.33333333333333,30,1.73205080756888,"euclidean","gaussian",0.242537086363882,2.79455685477833,90.68,0.0197751399016449,3.67253763479597
22,6,3.66666666666667,132,8,"manhattan","bubble",0.581653237808496,2.20333315326857,92.66,0.269314397151094,2.37044090169434
5,2,2.5,10,1,"sumofsquares","gaussian",0.282533861231059,4.36310248529885,85.46,0,5.3325567356875
31,4,7.75,124,12.1243556529821,"sumofsquares","bubble",0.629383334424347,2.12727113712433,92.91,0.181273528913007,2.53727264282645
50,5,10,250,27.2213151776324,"manhattan","gaussian",0.792599785607308,2.84636189705959,90.51,0.411176021705952,1.98718212344953
67,6,11.1666666666667,402,17,"sumofsquares","gaussian",0.439211938995868,2.08397582037126,93.05,0.0546518568763778,1.80334140964286
30,6,5,180,4.35889894354067,"euclidean","gaussian",0.216458373935893,1.85627502841267,93.81,0.148789384432762,2.44966902119931
9,6,1.5,54,5.19615242270663,"euclidean","bubble",0.753714563557878,2.47226842475693,91.76,0.0330557910802103,3.09588578827879
10,4,2.5,40,6,"manhattan","bubble",0.811135756084695,2.84935055762838,90.5,0.171128370357809,3.12792205857551
63,6,10.5,378,15,"sumofsquares","bubble",0.415142719633877,1.56209209445467,94.79,0.202896218416144,2.64735395522651
26,3,8.66666666666667,78,9.53939201416946,"euclidean","bubble",0.589231153717265,2.12252127364167,92.92,0.302035780905545,3.76244240737017
32,3,10.6666666666667,96,12.1243556529821,"euclidean","gaussian",0.617338788928464,2.57045361399079,91.43,0.00341834831270137,2.21891068612821
17,3,5.66666666666667,51,1,"manhattan","bubble",0.066436754539609,2.66573290712973,91.11,0.315427675089028,4.04697014131642
35,3,11.6666666666667,105,16,"manhattan","gaussian",0.701936685945839,2.95543781558015,90.15,0.333482957435984,2.1734563772771
37,4,9.25,148,22,"manhattan","bubble",0.832269857171923,2.2977244854891,92.34,0.530141597422418,2.77606468943421
13,3,4.33333333333333,39,1.73205080756888,"euclidean","bubble",0.193917739437893,2.51929905885251,91.6,0.0541588943530609,3.50923148967566
39,4,9.75,156,5.29150262212918,"sumofsquares","gaussian",0.245913121150807,1.84466059137994,93.85,0.187825165338308,2.90798883019752
16,3,5.33333333333333,48,1,"euclidean","bubble",0.0924462471157312,2.52849614807897,91.57,0.0180218755299305,3.60967589828564
43,5,8.6,215,17.5214154679352,"sumofsquares","gaussian",0.645203079096973,2.34329575995124,92.19,0.0034142784466678,1.93651749833227
21,2,10.5,42,5,"euclidean","bubble",0.411032822914422,2.51492332336298,91.62,0.327103612006105,4.24800543517184
13,5,2.6,65,3,"manhattan","bubble",0.315596319269389,2.34755349436147,92.17,0.220650839409869,2.96193363700113
21,4,5.25,84,4.58257569495584,"sumofsquares","bubble",0.385725573403761,2.02162964638891,93.26,0.280343225368832,3.38803484494421
16,6,2.66666666666667,96,9.16515138991168,"manhattan","bubble",0.808879940304905,2.40292304542183,91.99,0.200706800067831,2.46842381613956
21,2,10.5,42,13.348374429895,"euclidean","bubble",0.864242832409218,2.79289909465086,90.69,0.217227064609123,3.35340877257898
20,5,4,100,5.29150262212918,"sumofsquares","bubble",0.449693034868687,1.97521802318004,93.42,0.205607088350008,3.0056178211069
44,5,8.8,220,6.08276253029822,"sumofsquares","gaussian",0.249547154875472,1.75305091654322,94.16,0.170052908258436,2.63100787355543
3,2,1.5,6,1,"sumofsquares","bubble",0.463662835303694,5.83112695978554,80.56,0.0784780396811938,6.6438365445532
3,2,1.5,6,1,"sumofsquares","gaussian",0.482486552558839,5.85292241274219,80.49,0,6.28211160917512
17,4,4.25,68,3.60555127546399,"sumofsquares","bubble",0.372563128126785,2.1431814735587,92.86,0.174150754620994,3.30703189511929
21,4,5.25,84,9,"sumofsquares","gaussian",0.664601924829185,2.39606054538661,92.01,0.00664388672206207,2.47575849046295
23,2,11.5,46,5.56776436283002,"euclidean","bubble",0.413288488751277,2.44605186118868,91.85,0.315037815838562,4.20163182958087
54,6,9,324,12.5299640861417,"sumofsquares","bubble",0.402501197531819,1.59346014679359,94.69,0.274637103612006,2.71746434842995
14,6,2.33333333333333,84,3.60555127546399,"euclidean","bubble",0.373275465099141,2.05018400970195,93.17,0.113174325928438,3.05785565692761
13,2,6.5,26,4.58257569495584,"manhattan","bubble",0.569670788710937,3.16845300987454,89.44,0.206952009496354,3.55078217899054
59,5,11.8,295,29.0516780926679,"manhattan","gaussian",0.744325141422451,2.8440539990711,90.52,0.444469560793624,1.96445498216234
26,4,6.5,104,18.6815416922694,"euclidean","gaussian",0.922328250715509,2.7508547475663,90.83,0.00220807190096659,2.25028968765933
39,4,9.75,156,5,"euclidean","gaussian",0.2267286691349,1.82692609862046,93.91,0.197401390537561,2.97578552918592
45,4,11.25,180,12.1243556529821,"euclidean","gaussian",0.469609046820551,2.2137193913942,92.62,0.063731388841784,2.07456601481473
30,5,6,150,23.6431808350738,"manhattan","gaussian",0.95460743131116,2.93813351077805,90.21,0.315469221638121,2.10539371729172
33,3,11,99,5.56776436283002,"euclidean","bubble",0.30994850420393,1.91394236081203,93.62,0.350863659487875,4.28108715835247
30,5,6,150,4.58257569495584,"sumofsquares","gaussian",0.269247946795076,1.95331483386824,93.49,0.127841275224691,2.4313861817003
25,3,8.33333333333333,75,1,"euclidean","gaussian",0.0219935197383165,2.07756706580269,93.07,0.312488553501781,3.71974809036688
9,2,4.5,18,3.60555127546399,"euclidean","gaussian",0.657940013799816,3.49277501786739,88.36,0,4.02653740863878
17,5,3.4,85,5.29150262212918,"euclidean","bubble",0.499607474775985,2.09833455773412,93.01,0.0947600474817704,2.85193437012746
24,5,4.8,120,3.46410161513775,"euclidean","bubble",0.213548456085846,1.81376431146793,93.95,0.344172969306427,3.32172239784928
16,2,8,32,6,"sumofsquares","bubble",0.590625483775511,2.7819674812828,90.73,0.265867729353909,4.02612297882772
35,5,7,175,2,"euclidean","gaussian",0.0684026202652603,1.65000216466696,94.5,0.368544175004239,3.4123865919589
22,3,7.33333333333333,66,11.13552872566,"euclidean","bubble",0.76117521035485,2.29447168865824,92.35,0.378670680006783,3.84454849634335
5,2,2.5,10,1.73205080756888,"manhattan","bubble",0.478009620681405,4.48621285646462,85.05,0.0639947430897066,4.96063403672071
54,5,10.8,270,23.5159520326097,"sumofsquares","gaussian",0.682506221579388,2.47301034050796,91.76,0.00303255892826861,1.85563155128976
36,3,12,108,8,"manhattan","bubble",0.387926673516631,2.10419839271661,92.99,0.527486348991012,3.76675806942846
15,3,5,45,1,"manhattan","gaussian",0.0610250814352185,2.61236539560349,91.29,0.164757164659997,3.03819126769517
44,6,7.33333333333333,264,16.0934769394311,"sumofsquares","gaussian",0.595549047691748,2.20797181548967,92.64,0.00415397659827031,1.88732458253056
19,5,3.8,95,1,"euclidean","bubble",0.0350864038337022,2.06198621498755,93.13,0.236465151772087,3.84282577834805
8,3,2.66666666666667,24,3,"euclidean","gaussian",0.581155821448192,3.05541771638741,89.82,0.0189684585382398,3.9546041061554
39,5,7.8,195,17,"sumofsquares","bubble",0.679618767462671,1.84946697890827,93.84,0.218473461081906,2.58197398418078
26,3,8.66666666666667,78,2.64575131106459,"sumofsquares","bubble",0.165707028936595,2.03105036933995,93.23,0.447301339664236,3.91814699915124
17,4,4.25,68,11,"sumofsquares","gaussian",0.875237576197833,2.58485390112832,91.38,0.00492725114464982,2.62784704954968
36,3,12,108,14.5258390463339,"euclidean","gaussian",0.64019962423481,2.63692490515855,91.21,0.00275614719348821,2.14180535551325
15,2,7.5,30,1,"sumofsquares","gaussian",0.108847480732948,2.72854899621375,90.9,0.297629642190945,4.41636211877813
11,3,3.66666666666667,33,2,"euclidean","gaussian",0.325737060513347,2.73061520474928,90.9,0.0151222655587587,3.50506195415393
23,5,4.6,115,10.5356537528527,"euclidean","bubble",0.689608624670655,2.02617891015917,93.25,0.168756486348991,2.69621980332256
14,4,3.5,56,1,"euclidean","bubble",0.0317909331060946,2.44859500680751,91.84,0.393032898083771,4.77742064718893
32,3,10.6666666666667,96,21,"euclidean","bubble",0.882268444402143,2.29574637483976,92.35,0.625936747498728,4.27712752447735
8,2,4,16,4.58257569495584,"manhattan","bubble",0.828279992099851,3.73333270121232,87.56,0.0890808885874173,4.03252952930511
43,5,8.6,215,18.6815416922694,"euclidean","gaussian",0.678175684995949,2.38350963316913,92.05,0.00335713074444633,1.93817210266483
18,2,9,36,2,"euclidean","bubble",0.202539438614622,2.5773072929132,91.41,0.323311853484823,4.32170589655341
8,3,2.66666666666667,24,6.557438524302,"euclidean","bubble",0.974087892333046,3.05296516109745,89.82,0.0348258436493132,3.99064396259623
32,3,10.6666666666667,96,13.114877048604,"manhattan","bubble",0.656485810643062,2.34404047962393,92.19,0.455595217907411,3.01527583301902
10,2,5,20,2.64575131106459,"manhattan","gaussian",0.405729326419532,3.5131512641299,88.29,0.112664914363236,3.61650745313033
16,3,5.33333333333333,48,5,"manhattan","gaussian",0.520402107620612,2.77998233592695,90.73,0.167702730201798,2.75615710481644
44,4,11,176,7.21110255092798,"manhattan","bubble",0.294299578526989,1.83511883580768,93.88,0.495813464473461,3.23829089197913
31,4,7.75,124,25.5147016443461,"manhattan","bubble",0.966517623048276,2.86859182237609,90.44,0.290230456164151,2.15267254951327
11,2,5.5,22,4.58257569495584,"manhattan","gaussian",0.642003478948027,3.51814297155304,88.27,0.136781244700695,3.42454124150443
11,3,3.66666666666667,33,7.54983443527075,"manhattan","bubble",0.902905967319384,2.96654110268111,90.11,0.1805090724097,3.31544750839486
16,2,8,32,7.54983443527075,"manhattan","bubble",0.730411177966744,3.0640560819388,89.79,0.242919620145837,3.26602849661511
8,3,2.66666666666667,24,1.73205080756888,"sumofsquares","bubble",0.247227781219408,2.97169085787888,90.09,0.0225165338307614,4.07326480107945
30,4,7.5,120,13.114877048604,"manhattan","gaussian",0.683819608995691,2.62436426049724,91.25,0.282848058334746,2.16923611517472
22,3,7.33333333333333,66,8,"manhattan","gaussian",0.596440363209695,2.73674888037434,90.88,0.224812955740207,2.45890226818
49,6,8.16666666666667,294,9.53939201416946,"euclidean","bubble",0.344849993707612,1.5320999183386,94.89,0.371406138714601,3.13112978750289
18,3,6,54,4.58257569495584,"euclidean","gaussian",0.45519822021015,2.52087315822822,91.6,0.0104144480244192,2.78827852259671
6,3,2,18,1,"sumofsquares","bubble",0.17080941516906,3.31387418071263,88.95,0.196500423944378,5.02121616282048
62,6,10.3333333333333,372,11.13552872566,"sumofsquares","bubble",0.322321688523516,1.46959273499917,95.1,0.385758182126505,3.24831473202213
22,3,7.33333333333333,66,8.54400374531753,"sumofsquares","bubble",0.631771631771699,2.25274955044176,92.49,0.221388333050704,3.42342197451471
58,5,11.6,290,9.8488578017961,"manhattan","gaussian",0.306537072174251,2.03235552575002,93.23,0.327466169238596,2.05784479765564
20,3,6.66666666666667,60,4,"euclidean","gaussian",0.356125429738313,2.41184475050459,91.96,0.0697200271324402,2.82725060427062
28,3,9.33333333333333,84,1,"sumofsquares","gaussian",0.0500853706616908,2.01901275372982,93.27,0.356693064269968,3.81986374902481
12,6,2,72,3.60555127546399,"manhattan","gaussian",0.404602286173031,2.44829889698969,91.84,0.202897914193658,2.68937546309179
20,6,3.33333333333333,120,6.08276253029822,"euclidean","gaussian",0.495342682581395,2.1629372724335,92.79,0.0120842801424453,2.40438183060625
28,5,5.6,140,3.46410161513775,"manhattan","bubble",0.185848413733765,1.88952046459014,93.7,0.481732915041547,3.04328036525343
23,4,5.75,92,11.13552872566,"euclidean","gaussian",0.730480168014765,2.44645623330658,91.85,0.00509428522977785,2.38059339159292
44,5,8.8,220,24.0624188310319,"sumofsquares","gaussian",0.795612722635269,2.54710633748328,91.51,0.00391249788027811,1.93695953827981
11,2,5.5,22,6.557438524302,"sumofsquares","bubble",0.818190992344171,3.28881958101387,89.04,0.0015340003391555,3.67831592250637
11,2,5.5,22,5.56776436283002,"euclidean","gaussian",0.741551262326539,3.36280687262578,88.79,0,3.60009312517343
12,2,6,24,6,"sumofsquares","bubble",0.754587134812027,3.05782481576924,89.81,0.167740376462608,4.13340972479663
21,4,5.25,84,13.7477270848675,"euclidean","gaussian",0.880541091784835,2.62125791028429,91.26,0.002861454977107,2.41975888303335
32,6,5.33333333333333,192,4.58257569495584,"manhattan","bubble",0.246406451333314,1.75171201421056,94.16,0.547505680854672,3.01840724973657
43,6,7.16666666666667,258,11.13552872566,"euclidean","gaussian",0.44763114489615,2.07384175266047,93.09,0.0124227573342377,1.91415273746668
48,5,9.6,240,3.60555127546399,"manhattan","bubble",0.12444401695393,1.68245479551604,94.39,0.629559097846363,3.26546778498457
17,6,2.83333333333333,102,7.21110255092798,"sumofsquares","bubble",0.658480473328382,2.13266533795086,92.89,0.0417854841444802,2.61600567774985
9,2,4.5,18,5.56776436283002,"sumofsquares","gaussian",0.850407551275566,3.59849438223527,88.01,0,3.86610338452782
33,3,11,99,1.73205080756888,"manhattan","gaussian",0.0850181491114199,2.05526735702366,93.15,0.460181448193997,3.46181558119484
26,4,6.5,104,12.5299640861417,"euclidean","gaussian",0.721490673255175,2.46621833504019,91.78,0.00382041716126844,2.27910694872325
36,5,7.2,180,18,"euclidean","bubble",0.746437752852216,1.96708658978973,93.44,0.311944887230795,2.55603146772166
14,3,4.66666666666667,42,12,"sumofsquares","gaussian",0.980341708054766,2.97058017467188,90.1,0.00304799050364592,2.92347610895035
9,3,3,27,6.557438524302,"euclidean","gaussian",0.930889716837555,3.064188527285,89.79,0.00691029336950992,3.62924163628009
5,4,1.25,20,1,"euclidean","gaussian",0.0830489576328546,3.24433834398557,89.19,0.209379684585382,4.76983243986101
14,3,4.66666666666667,42,9.53939201416946,"euclidean","bubble",0.901588937267661,2.64714277189646,91.18,0.0383995251822961,3.15127626823622
34,3,11.3333333333333,102,4,"euclidean","gaussian",0.208598584635183,1.98488426701469,93.38,0.247811259962693,3.41412144960974
18,2,9,36,1.73205080756888,"sumofsquares","gaussian",0.139851126354188,2.59138152890551,91.36,0.342906732236731,4.38122423756918
25,5,5,125,6.2449979983984,"euclidean","gaussian",0.421877430053428,2.14532357480931,92.85,0.00765117856537222,2.29102787879291
23,3,7.66666666666667,69,4.35889894354067,"euclidean","bubble",0.332727750763297,2.11137172281644,92.96,0.357380193318637,3.97650924727563
35,3,11.6666666666667,105,3.60555127546399,"euclidean","bubble",0.201371215749532,1.86019622688585,93.8,0.435152111243005,4.28844716884284
22,4,5.5,88,2.64575131106459,"euclidean","gaussian",0.18679471546784,2.05081919382104,93.16,0.180801933186366,3.04112496095315
34,5,6.8,170,8.88819441731559,"sumofsquares","bubble",0.442456351360306,1.76873814253195,94.1,0.387746142106156,3.10286715488542
21,2,10.5,42,5.56776436283002,"sumofsquares","gaussian",0.445542365312576,2.72306810798504,90.92,0.149933695099203,3.20025634053112
34,6,5.66666666666667,204,20,"sumofsquares","bubble",0.825407352298498,1.88252132102957,93.72,0.298673223673054,2.55224313224353
35,3,11.6666666666667,105,33.4228283051555,"manhattan","bubble",0.997715011239052,3.72387328657651,87.59,0.678741902662371,2.75861687378656
54,5,10.8,270,45,"euclidean","gaussian",0.971024720929563,3.1847009883525,89.38,0.0132957435984399,1.95614819030983
8,3,2.66666666666667,24,3.60555127546399,"sumofsquares","bubble",0.700377038214356,2.99902016747373,90,0.0729457351195523,4.18282823385751
12,5,2.4,60,10.816653826392,"manhattan","bubble",0.987298390362412,2.61573088578136,91.28,0.1810303544175,2.77669375627528
30,3,10,90,10.1488915650922,"manhattan","bubble",0.565441212849692,2.22113145875106,92.6,0.534416143801933,3.70237977470107
6,4,1.5,24,1,"sumofsquares","bubble",0.131901283981279,2.96291098511156,90.12,0.3421939969476,5.1633887367383
33,5,6.6,165,20,"euclidean","bubble",0.841123852645978,1.90297679484195,93.66,0.254120230625742,2.73454303403434
34,5,6.8,170,13.5277492584687,"euclidean","bubble",0.634803396649659,1.91378200302741,93.62,0.192877225707987,2.53874197640446
25,5,5,125,4.35889894354067,"manhattan","gaussian",0.294856736203656,2.26270515537001,92.46,0.227207902323215,2.27347093422483
22,3,7.33333333333333,66,6.557438524302,"euclidean","bubble",0.494895345997065,2.18735382844961,92.71,0.315231812786162,3.72613019842442
16,2,8,32,6,"manhattan","bubble",0.61949072428979,3.01633816060312,89.95,0.272753094793963,3.39157540288334
15,6,2.5,90,4.35889894354067,"euclidean","gaussian",0.409453140106052,2.21096898134077,92.63,0.0211497371544853,2.64135524593125
54,6,9,324,31.5119025131775,"manhattan","gaussian",0.826170963235199,2.77588805261413,90.75,0.427004917754791,1.94798317483976
30,6,5,180,13.5277492584687,"sumofsquares","gaussian",0.695701795630157,2.23346150951953,92.56,0.00638273698490758,2.08329529297038
18,2,9,36,13,"euclidean","gaussian",0.92966332915239,3.77512283525259,87.42,0,2.70889339225519
6,2,3,12,1,"euclidean","gaussian",0.316541604464874,3.97460845731717,86.75,0,4.99288627678521
22,2,11,44,1,"manhattan","bubble",0.0388435670174658,2.70285752922176,90.99,0.399684246226895,4.03897879594175
24,4,6,96,22.5166604983954,"manhattan","gaussian",0.99499309132807,3.13582334084056,89.55,0.27523876547397,2.24579415832997
15,2,7.5,30,1.73205080756888,"manhattan","gaussian",0.199496907414868,2.96913681355027,90.1,0.275805155163643,3.63634774044067
35,3,11.6666666666667,105,4.58257569495584,"manhattan","bubble",0.236716715618968,2.00746651515843,93.31,0.501258945226386,3.96317245513536
71,6,11.8333333333333,426,6,"sumofsquares","bubble",0.146884855814278,1.37161668730535,95.43,0.41204731219264,3.52062545234903
16,2,8,32,9,"manhattan","bubble",0.820604956010357,3.11602410800372,89.61,0.247630659657453,3.21741125697978
20,3,6.66666666666667,60,10,"euclidean","bubble",0.751891229767352,2.3275134795143,92.24,0.282985246735628,3.70189457868872
58,5,11.6,290,18.5202591774521,"manhattan","bubble",0.537502793595195,1.85189858360113,93.83,0.522632016279464,2.72334124113309
6,4,1.5,24,5,"euclidean","bubble",0.957030869554728,3.15891752359253,89.47,0.075785823299983,4.01900191360224
7,2,3.5,14,3.11502410357331,"sumofsquares","gaussian",0.713794612325728,3.80367584400528,87.32,0,4.53302787035398
52,6,8.66666666666667,312,23.5159520326097,"sumofsquares","bubble",0.699139191536233,1.73091077143917,94.23,0.491675936917077,2.82328349750326
26,3,8.66666666666667,78,7,"manhattan","bubble",0.456642806297168,2.26188485166086,92.46,0.391524503985077,3.43227802098791
3,3,1,9,2.64575131106459,"manhattan","bubble",0.9281512175221,4.81104867689653,83.96,0.163104799050365,5.40205178426772
22,3,7.33333333333333,66,3.46410161513775,"euclidean","bubble",0.265463609015569,2.1261271833763,92.91,0.394972697982025,3.96397019124714
18,4,4.5,72,3,"manhattan","bubble",0.281811964930966,2.26125286083855,92.46,0.282325080549432,3.01701589293098
8,2,4,16,0,"manhattan","gaussian",0.0230724501889199,3.80423191109548,87.32,0.112221129387824,4.51744511496682
9,3,3,27,2,"euclidean","bubble",0.321718530263752,2.85747041443567,90.48,0.0401519416652535,3.89779098595624
50,6,8.33333333333333,300,22.5166604983954,"sumofsquares","gaussian",0.696957761188969,2.36236114578345,92.13,0.00415126335424792,1.84574599092608
28,4,7,112,5.56776436283002,"euclidean","bubble",0.34966963599436,1.86859152894341,93.77,0.399217398677294,3.57302028349823
15,6,2.5,90,1.73205080756888,"sumofsquares","gaussian",0.080506524303928,1.99856618456083,93.34,0.151274376801764,3.08395240525615
44,5,8.8,220,39.5094925302768,"euclidean","bubble",0.98861068347469,2.4914008887805,91.7,0.204384771917924,2.04975397682946
14,2,7,28,5,"manhattan","gaussian",0.586528461892158,3.35218725064819,88.83,0.166164151263354,3.07943818315448
25,3,8.33333333333333,75,6,"euclidean","bubble",0.421576468273997,2.10528419008579,92.98,0.291802102764117,4.02206614306564
13,5,2.6,65,3.46410161513775,"manhattan","gaussian",0.356333550997078,2.51735746396868,91.61,0.17094183483127,2.71398549467641
30,3,10,90,2.64575131106459,"euclidean","gaussian",0.161092828260735,1.97947066626033,93.4,0.339074444632864,3.79631151982252
20,3,6.66666666666667,60,8,"euclidean","gaussian",0.639582303818315,2.56751747299039,91.44,0.00412989655757165,2.63017226821236
16,3,5.33333333333333,48,1,"sumofsquares","gaussian",0.024214314064011,2.35055906728704,92.16,0.138912667458029,3.53028722211597
12,2,6,24,3.60555127546399,"euclidean","gaussian",0.504970757523552,3.22165521716586,89.26,0.000638629811768696,3.52208217505351
35,4,8.75,140,4.35889894354067,"euclidean","gaussian",0.21256736968644,1.85137318675815,93.83,0.215375953874852,3.06377525785915
29,3,9.66666666666667,87,11,"manhattan","bubble",0.60643721697852,2.30466058567466,92.32,0.546602679328472,3.62897580432956
9,3,3,27,3.60555127546399,"euclidean","bubble",0.647631811443716,2.89060092018274,90.36,0.0155579108021028,3.82509895324227
20,2,10,40,5,"sumofsquares","gaussian",0.44029608136043,2.71982183514088,90.93,0.175227403764626,3.3315687040502
24,6,4,144,23.6431808350738,"euclidean","gaussian",0.999792820075527,2.71477465999731,90.95,0.00756672884517551,2.17214806979627
41,4,10.25,164,22.5166604983954,"euclidean","bubble",0.793474044185132,1.96950320395605,93.43,0.45003272850602,3.12876998556422
23,2,11.5,46,7.54983443527075,"manhattan","gaussian",0.548660993110389,3.11507964828218,89.62,0.237375953874852,2.60018301130444
38,5,7.6,190,21.0713075057055,"manhattan","gaussian",0.80294847022742,2.74134456348918,90.86,0.344402747159573,2.03423355301346
48,5,9.6,240,7,"euclidean","gaussian",0.260688872775063,1.75432854827567,94.15,0.147385619806681,2.52625537370881
10,4,2.5,40,0,"manhattan","bubble",0.016078484011814,2.87868881800947,90.4,0.251970323893505,3.99633707334179
13,4,3.25,52,10.5356537528527,"sumofsquares","gaussian",0.964657417032868,2.73895505290243,90.87,0.00465033067661523,2.87327479328381
26,5,5.2,130,10.1488915650922,"sumofsquares","gaussian",0.620941968634725,2.2266189031815,92.58,0.00921553332202815,2.24379348551064
12,3,4,36,1,"sumofsquares","bubble",0.0948701077140868,2.67406584690222,91.09,0.122824147871799,4.09796581264359
14,3,4.66666666666667,42,10.5356537528527,"euclidean","bubble",0.944035792257637,2.60337444159099,91.32,0.0796328641682211,3.26154308235603
14,5,2.8,70,13.114877048604,"manhattan","bubble",0.99590761307627,2.61681558206991,91.28,0.180781244700695,2.58319265571068
13,4,3.25,52,1,"sumofsquares","gaussian",0.108779611298814,2.30117573255447,92.33,0.0653807020518908,3.37509665297286
19,2,9.5,38,6.557438524302,"euclidean","bubble",0.575248706387356,2.62418643684818,91.25,0.311865016109886,3.93922787360427
10,2,5,20,2,"sumofsquares","gaussian",0.344385440228507,3.29534583469679,89.02,0.00698694251314228,3.92768572298218
20,3,6.66666666666667,60,10,"manhattan","bubble",0.738276556134224,2.52672046899749,91.58,0.369188909615059,3.20413703241881
64,6,10.6666666666667,384,14,"manhattan","bubble",0.385864083655179,1.69893342614133,94.34,0.542940986942513,2.59534615425506
35,5,7,175,8.18535277187245,"manhattan","bubble",0.410696080885828,1.93560192006775,93.55,0.427516872986264,2.69002630144978
18,3,6,54,5.29150262212918,"euclidean","gaussian",0.498280103551224,2.54325203424233,91.52,0.00540953026962863,2.76911912672626
15,3,5,45,2.64575131106459,"euclidean","gaussian",0.2559368328657,2.55600770323511,91.48,0.00939426827200271,3.04488569745037
26,4,6.5,104,22,"manhattan","gaussian",0.974528388120234,3.06333539672986,89.79,0.286094285229778,2.21365591364339
3,2,1.5,6,1,"manhattan","bubble",0.310918499017134,5.99497922592192,80.02,0.0590479905036459,5.72399321905043
47,6,7.83333333333333,282,17.0880074906351,"euclidean","bubble",0.593716868199408,1.71895611000769,94.27,0.413428014244531,2.73831040001998
56,5,11.2,280,25.5147016443461,"manhattan","gaussian",0.704577912343666,2.74298582056689,90.86,0.425172630150924,1.96175226190539
17,2,8.5,34,5,"manhattan","gaussian",0.52135705226101,3.24424995707865,89.19,0.195163303374597,2.87010072925847
7,2,3.5,14,0,"sumofsquares","bubble",0.0406660775188357,3.69671162795778,87.68,0.222501102255384,5.57523683893028
30,3,10,90,12.5299640861417,"euclidean","gaussian",0.653043309925124,2.60928459289155,91.3,0.00240579955909785,2.25934891680011
22,3,7.33333333333333,66,7.54983443527075,"sumofsquares","bubble",0.578788981540129,2.19543493758468,92.68,0.36826182804816,3.78119284678536
25,4,6.25,100,1,"manhattan","bubble",0.0542986046057194,2.23696036400893,92.54,0.282649143632355,3.21181802354683
47,4,11.75,188,14.1067359796659,"manhattan","gaussian",0.5134431514889,2.51406922316621,91.62,0.350258436493132,2.03179175100177
56,6,9.33333333333333,336,31.5119025131775,"manhattan","gaussian",0.807393623050302,2.76472229188698,90.78,0.433400542648804,1.94217318556118
15,2,7.5,30,1,"manhattan","bubble",0.141937542473897,3.07185264547123,89.76,0.153113277937935,3.5593336130173
27,5,5.4,135,1.73205080756888,"manhattan","bubble",0.0529614402912557,1.96202857237274,93.46,0.319740206884857,2.92142819026751
32,3,10.6666666666667,96,1,"manhattan","gaussian",0.0359637076035142,2.12373043431276,92.92,0.460479396303205,3.38524705819384
7,4,1.75,28,3.46410161513775,"euclidean","bubble",0.682298636296764,2.93984222798795,90.2,0.0254005426488045,3.72742038002432
22,6,3.66666666666667,132,2.64575131106459,"manhattan","bubble",0.130838508252054,1.88344930456887,93.72,0.410431575377311,3.00751124525649
51,5,10.2,255,20.5182845286832,"manhattan","bubble",0.637583606410772,1.91163568587999,93.63,0.575329828726471,2.63961913682958
35,4,8.75,140,24.0624188310319,"manhattan","bubble",0.901594395749271,2.90399409476611,90.32,0.376990164490419,2.18505050342425
17,2,8.5,34,1,"manhattan","bubble",0.0921371344011277,2.99262547117845,90.02,0.171285060200102,3.46856093970229
4,2,2,8,0.377954128896818,"manhattan","gaussian",0.117110382998362,5.15419177183757,82.82,0.0729674410717314,5.18870704493848
8,6,1.33333333333333,48,5.29150262212918,"sumofsquares","gaussian",0.833119568647817,2.63340085300527,91.22,0.039422418178735,3.12144771148252
22,5,4.4,110,4.58257569495584,"manhattan","bubble",0.365461578825489,2.05977992475937,93.13,0.375011361709344,2.88503397261506
21,4,5.25,84,16.7032930884901,"manhattan","bubble",0.958266723435372,2.55620891520258,91.48,0.212740376462608,2.44266674078256
7,6,1.16666666666667,42,5.29150262212918,"manhattan","gaussian",0.885944591136649,2.94209640583972,90.19,0.209932338477192,3.04097392258077
23,2,11.5,46,17,"manhattan","gaussian",0.926742663607001,4.3490285762907,85.5,0.332192470747838,2.49291029938445
14,2,7,28,1,"manhattan","bubble",0.0622706937137991,3.18781532158452,89.37,0.133411734780397,3.6015302550227
16,2,8,32,1,"euclidean","bubble",0.123876418219879,2.88877249133177,90.37,0.0612436832287604,3.95110278607934
36,5,7.2,180,1.73205080756888,"euclidean","bubble",0.0357208943460137,1.72647223818953,94.25,0.339154654909276,3.38871770372108
68,6,11.3333333333333,408,13.5277492584687,"euclidean","gaussian",0.354829707415774,1.90699840641032,93.64,0.0791008987620824,1.9317902474774
10,3,3.33333333333333,30,9,"euclidean","bubble",0.989103866741061,2.90407960679348,90.32,0.0413729014753264,3.60702627766784
45,6,7.5,270,16.0934769394311,"euclidean","bubble",0.581213584635407,1.76203589891475,94.13,0.3286908597592,2.57148798720346
42,5,8.4,210,16.0934769394311,"euclidean","bubble",0.620997808175161,1.78743171905552,94.04,0.285767678480583,2.71613741167178
44,4,11,176,24.5153013442625,"manhattan","bubble",0.801679779076949,2.6737376203321,91.09,0.368605392572494,2.16917299049748
22,3,7.33333333333333,66,6,"manhattan","bubble",0.462411461398005,2.37508195083546,92.08,0.403496354078345,3.2128156376677
2,2,1,4,0,"euclidean","bubble",0.103793514426798,7.40702246329488,75.31,0.402960149228421,11.6338857279931
16,2,8,32,11.2689962870253,"euclidean","gaussian",0.912517202319577,3.6117880510971,87.96,0,2.83977673919713
16,2,8,32,5,"euclidean","bubble",0.539957493543625,2.76167164005385,90.79,0.244884517551297,3.96013885560382
7,3,2.33333333333333,21,1,"euclidean","gaussian",0.0865816078148782,3.13316980910338,89.56,0.0437639477700526,4.31396752240722
10,4,2.5,40,2.64575131106459,"euclidean","bubble",0.359569191467017,2.56041522435814,91.47,0.0161270137357979,3.41609622630075
27,3,9,81,11.5325625946708,"euclidean","gaussian",0.67590502044186,2.60149443460849,91.33,0.00291080210276412,2.33905527792993
31,6,5.16666666666667,186,13.4536240470737,"euclidean","bubble",0.668137409025803,1.93573135175045,93.55,0.227845684246227,2.43736071184025
9,5,1.8,45,3.46410161513775,"euclidean","gaussian",0.489795979112387,2.57883372689238,91.4,0.0260094963540783,3.22910170426029
16,4,4,64,3,"euclidean","bubble",0.290020213695243,2.17111746965616,92.76,0.141936577920977,3.31495280883177
42,5,8.4,210,14.1067359796659,"manhattan","gaussian",0.553904227446765,2.44583248338819,91.85,0.335926572833644,2.0022408587392
48,6,8,288,36.0416425818802,"manhattan","bubble",0.936729032546282,2.41159171419071,91.96,0.366667627607258,1.96614855454062
30,6,5,180,6.557438524302,"manhattan","bubble",0.3664782110136,1.8609762505709,93.8,0.507915550279803,2.84266927497482
